,PROFILE,X,Y,Z,S
2301,AY,-6487.5073992483185,-3517.382987554621,-560.6091494962923,1.0
2290,AX,-6402.4134235740285,-3517.265341452132,-565.3687969801008,1.0
2289,AX,-6416.2553755740155,-3506.6921886124915,-507.6140647555724,1.0
1133,AV,-6253.640287668528,-3504.4452500541543,-550.6925149435285,1.0
1152,AW,-6336.833675977055,-3504.4393260453967,-561.0589656010395,1.0
2300,AY,-6508.610183436042,-3501.278231200832,-505.4242814994568,1.0
1151,AW,-6346.548774403165,-3497.0194737556176,-540.6854158789138,1.0
2288,AX,-6441.11135671246,-3487.70598727642,-487.44380637633026,1.0
1150,AW,-6368.531704160591,-3480.230133643706,-510.3900304742184,1.0
2299,AY,-6536.378433224348,-3480.0866721518623,-488.5043350092048,1.0
1132,AV,-6287.454212796081,-3478.6143763901036,-510.1771069996903,1.0
1115,AU,-6213.714074304519,-3472.637631645599,-522.4676008920826,1.0
1149,AW,-6387.374215500165,-3465.8392705998117,-486.6805983272847,1.0
2287,AX,-6480.151027580633,-3457.8855972838214,-484.71897177828816,1.0
1114,AU,-6241.232259378712,-3451.5839239380007,-511.3061023699771,1.0
2298,AY,-6576.557591770299,-3449.4236301036362,-483.77263123144246,1.0
1131,AV,-6327.413701271103,-3448.0888312312763,-511.14167424895413,1.0
1148,AW,-6418.592411190511,-3441.996547591137,-480.05552433972196,1.0
2286,AX,-6518.812721825706,-3428.353924128693,-484.71897177828816,1.0
1130,AV,-6359.869885574305,-3423.2951524971263,-510.12900768361305,1.0
2297,AY,-6619.2433806661265,-3416.847633314715,-482.46428154211804,1.0
1113,AU,-6297.309139823089,-3408.680431325872,-511.14167327348434,1.0
1147,AW,-6463.505703117564,-3407.6942711416496,-480.40914075131855,1.0
1129,AV,-6383.219738551797,-3405.4579123642375,-486.8370343165359,1.0
1086,AT,-6215.641663998978,-3405.183680025856,-518.1067197614251,1.0
2285,AX,-6568.252700221451,-3390.589275908036,-482.4642816751549,1.0
2296,AY,-6655.739360240679,-3388.9954383762397,-481.51083057477985,1.0
1146,AW,-6501.1907257967105,-3378.9125450538613,-480.40914075131855,1.0
1085,AT,-6250.070447119699,-3378.8089310027854,-510.21588220515093,1.0
1112,AU,-6357.543585296567,-3362.5960545579737,-507.8710121416966,1.0
2284,AX,-6610.000840294694,-3358.7000260561713,-479.61814892869785,1.0
1145,AW,-6537.9112481492375,-3350.86745071627,-483.07997181698636,1.0
1128,AV,-6454.981324782031,-3350.638353237262,-481.7263317159891,1.0
1084,AT,-6294.869793075541,-3344.4896376998527,-512.2318933544915,1.0
1054,AS,-6213.604810648443,-3342.9250456903096,-516.4592418117677,1.0
1111,AU,-6383.570246604196,-3342.683486984999,-490.2240214741771,1.0
2283,AX,-6651.939179708147,-3326.6654927432714,-480.9353394178379,1.0
1144,AW,-6578.68287158057,-3319.7283505027417,-482.08090971462616,1.0
1083,AT,-6337.766536064829,-3311.6278654355647,-512.2318933544915,1.0
1127,AV,-6509.337737994782,-3309.114820041012,-480.445592791418,1.0
1053,AS,-6264.081429880666,-3304.2994587995645,-512.2318933015872,1.0
1110,AU,-6438.25469514299,-3300.845320965588,-481.726331193375,1.0
1018,AR,-6190.638242126398,-3298.272640848963,-509.5398345459861,1.0
1082,AT,-6368.108133992363,-3288.384173449948,-514.2088670603991,1.0
1143,AW,-6621.60192467865,-3286.9491628468527,-483.39810068042226,1.0
1052,AS,-6301.762314110885,-3275.4653908668756,-527.0591951091446,1.0
1126,AV,-6554.154362503264,-3274.878848873487,-500.1907795778484,1.0
1017,AR,-6237.189768965352,-3262.6506029200236,-535.955576403175,1.0
1109,AU,-6491.68375216281,-3259.9676342084467,-516.5734798944269,1.0
1142,AW,-6658.228054879694,-3258.976159988997,-483.7933931473532,1.0
1081,AT,-6413.246621326627,-3253.8050751835967,-526.4253607619024,1.0
1051,AS,-6334.733087968301,-3250.2355813064178,-538.9210366599386,1.0
709,AK,-5700.11364658552,-3231.6726025023536,-145.16774095637913,1.0
1108,AU,-6532.8884148620455,-3228.442629113782,-526.1576994103348,1.0
1080,AT,-6455.399399862236,-3221.513229415957,-529.6561223346392,1.0
1050,AS,-6373.348271793334,-3220.6865710750885,-564.3173544664012,1.0
1016,AR,-6296.851169100515,-3216.996661947029,-540.8980101644477,1.0
1107,AU,-6550.979969205147,-3214.601080476441,-512.2900367775843,1.0
708,AK,-5739.738698858594,-3201.321498633616,-146.5352283850088,1.0
636,AJ,-5674.327103713929,-3197.2983112120173,-180.41435837772164,1.0
635,AJ,-5682.752908805775,-3190.8423898253377,-161.1505368227695,1.0
1106,AU,-6584.259255928318,-3189.1396492992776,-467.4135323192182,1.0
1015,AR,-6334.681334530081,-3188.048361444405,-572.2252484844373,1.0
1079,AT,-6500.911798836462,-3186.6476898418714,-528.3381403888086,1.0
1049,AS,-6423.374184969898,-3182.4058722965,-592.7689570143355,1.0
634,AJ,-5703.661387311239,-3174.822141068695,-148.57008188720704,1.0
1105,AU,-6606.918584258171,-3171.803372425604,-459.5617805681481,1.0
1048,AS,-6437.760535096268,-3171.3971869824095,-575.7855061934556,1.0
707,AK,-5779.363751131668,-3170.9703947648786,-148.5864581377603,1.0
1078,AT,-6535.438444423607,-3160.197971628584,-525.37267956756,1.0
1047,AS,-6453.460903421542,-3159.3829920900257,-557.992743605395,1.0
1014,AR,-6381.567174124777,-3152.170501580638,-584.8610624725596,1.0
826,AM,-5967.848752749331,-3150.441589705977,-161.47863222595356,1.0
1046,AS,-6465.236180185415,-3150.372345522888,-572.8200454129525,1.0
770,AL,-5887.346671278651,-3149.9861497102397,-199.95195838402185,1.0
633,AJ,-5738.901408594955,-3147.820945979012,-162.18160853171383,1.0
1104,AU,-6638.805194490771,-3147.407454969082,-457.61145388726607,1.0
1077,AT,-6552.258271521008,-3147.3128598675917,-496.8494786813234,1.0
1045,AS,-6471.516327349151,-3145.5666676932465,-533.2805742752923,1.0
981,AQ,-6305.456960856305,-3144.482969328453,-537.3870432849287,1.0
706,AK,-5814.837000525297,-3143.7993952293327,-164.18540029746552,1.0
76,AB,-6312.739683104741,-3143.731826379816,-274.5858451845743,1.0
10,AA,-6449.797760051066,-3139.9066430784023,-548.7342542585548,1.0
77,AB,-6299.879164213153,-3139.058405675462,-251.49520815786025,1.0
11,AA,-6437.514835476792,-3135.4311280365673,-573.0717995513672,1.0
873,AN,-6073.565180907054,-3134.1186867969386,-227.31773179604647,1.0
1076,AT,-6569.714112584897,-3133.940518898341,-471.5542034869229,1.0
705,AK,-5831.243951455304,-3131.2323689850723,-197.3711901522609,1.0
632,AJ,-5760.840309856886,-3131.011178803857,-195.82841192231345,1.0
12,AA,-6423.934323895433,-3130.4828127155174,-596.0202847403227,1.0
558,AI,-5683.385571415094,-3127.632127821588,-201.32826532294004,1.0
980,AQ,-6327.980049511621,-3127.259430944976,-557.9228943888301,1.0
825,AM,-6000.620844183139,-3125.3504572019674,-190.40265637814164,1.0
1013,AR,-6417.93404015609,-3124.3419432262417,-598.5207020190493,1.0
769,AL,-5922.45001192238,-3123.0835895017985,-199.95195838402185,1.0
1044,AS,-6506.057137581567,-3119.1354389936578,-520.4302459722439,1.0
494,AH,-5618.682476287853,-3117.485045508985,-195.35202315135058,1.0
13,AA,-6387.27995409588,-3117.1271023230215,-582.8245376244581,1.0
78,AB,-6238.6403052366195,-3116.804641743811,-244.45169553682982,1.0
1103,AU,-6680.039885820775,-3115.859475466281,-459.0467617512365,1.0
631,AJ,-5785.52058129057,-3112.100951182764,-198.57313333963214,1.0
979,AQ,-6347.888726047407,-3112.0351488881984,-575.3577504310288,1.0
1011,AR,-6435.2044452722985,-3111.126328876448,-572.8200454129525,1.0
1012,AR,-6435.2044452722985,-3111.126328876448,-572.8200454129525,1.0
1075,AT,-6601.585597437784,-3109.52483127325,-463.0625548596325,1.0
704,AK,-5860.262512678145,-3109.0053859207687,-200.76589962754687,1.0
1043,AS,-6521.575500686052,-3107.2605176615307,-496.8494788391308,1.0
1010,AR,-6445.409684829303,-3103.317102085,-538.223008036565,1.0
14,AA,-6349.241564391855,-3103.267098196309,-569.946644222614,1.0
79,AB,-6198.296318473423,-3102.143925125399,-212.566844164661,1.0
493,AH,-5643.208091935242,-3098.700107053571,-195.35202315135058,1.0
557,AI,-5722.633250649916,-3097.5249125145224,-200.64826638870426,1.0
1009,AR,-6454.829905574908,-3096.108585340538,-505.6029441646865,1.0
15,AA,-6329.350677829539,-3096.019478831168,-533.250023767765,1.0
2220,Z,-6470.0791835512755,-3095.232662202533,-484.36884314988976,1.0
703,AK,-5878.720125817095,-3094.867639686679,-200.78992401595795,1.0
824,AM,-6041.10139211347,-3094.357537692807,-199.83603434239535,1.0
872,AN,-6126.342141189976,-3093.677003250366,-229.3168746122106,1.0
630,AJ,-5810.177935076093,-3093.208283252796,-200.57004881210662,1.0
16,AA,-6317.041919306693,-3091.5345507033267,-485.2466709634542,1.0
17,AA,-6317.019109021106,-3091.52623934591,-436.68492485997047,1.0
916,AO,-6213.485545626518,-3090.149632960153,-340.51899256392176,1.0
1042,AS,-6545.580323575825,-3088.8916097110955,-474.8491593368259,1.0
768,AL,-5968.9690861088075,-3087.43221925636,-201.5353163238984,1.0
2221,Z,-6447.644631431146,-3087.048133222833,-508.9340409446235,1.0
430,AG,-5582.382390108567,-3085.9631702723914,-201.3002525067442,1.0
978,AQ,-6382.0987531275405,-3085.8745399445665,-575.4652281044671,1.0
18,AA,-6299.58271676156,-3085.1729612352256,-413.28124362505486,1.0
1008,AR,-6472.703323865793,-3082.431534822295,-477.07974327030075,1.0
915,AO,-6224.384294481818,-3081.8070938576957,-379.4621539462375,1.0
2222,Z,-6431.1164612911225,-3081.0183588476593,-551.3331112515884,1.0
19,AA,-6287.796253529297,-3080.8783412392263,-412.1835746096482,1.0
80,AB,-6137.847377486974,-3080.1772117490736,-200.21018202094572,1.0
1074,AT,-6641.93527223547,-3078.6142834847915,-460.1369821411323,1.0
948,AP,-6311.578665345794,-3078.208511766936,-431.92442393821415,1.0
492,AH,-5670.350799676668,-3077.9106556584834,-195.35202315135058,1.0
556,AI,-5752.827127332456,-3074.362943094693,-202.51232874227787,1.0
2223,Z,-6411.917024767833,-3074.0140583482616,-574.4360174602575,1.0
629,AJ,-5838.55818435526,-3071.463102076223,-200.76589989681932,1.0
1102,AU,-6738.914420040979,-3070.8155442785514,-459.06017000886607,1.0
914,AO,-6240.558161743169,-3069.4266709433564,-420.6524974429692,1.0
702,AK,-5914.414449785393,-3067.5273064343664,-201.53531676508965,1.0
1041,AS,-6574.848155376193,-3066.4953558116836,-468.00498883653216,1.0
20,AA,-6243.999755647206,-3064.9202618855907,-424.66298834618203,1.0
2224,Z,-6383.45328681774,-3063.6299737061563,-555.5663239231291,1.0
429,AG,-5612.185993764212,-3063.0626071693405,-201.3002525067442,1.0
947,AP,-6334.222954376215,-3060.8826150753794,-450.556436296761,1.0
871,AN,-6171.217601342384,-3059.290044456952,-240.82387739646197,1.0
977,AQ,-6417.588133711349,-3058.7356018510663,-560.2097294150915,1.0
81,AB,-6078.818215101697,-3058.7264357751383,-201.08201239542626,1.0
2225,Z,-6369.757080754538,-3058.633350870274,-542.2377238302818,1.0
823,AM,-6088.805817199063,-3057.83383723665,-202.83705845826915,1.0
491,AH,-5697.496041341175,-3057.1192634522135,-195.33605118296066,1.0
1007,AR,-6506.913386312572,-3056.2534000804126,-467.9297515473046,1.0
2226,Z,-6363.07901612224,-3056.197072525216,-496.0319114129436,1.0
21,AA,-6218.103002714965,-3055.48429192729,-413.2785676292107,1.0
2227,Z,-6357.235709376589,-3054.065328903102,-471.1518584888204,1.0
1073,AT,-6674.977125383227,-3053.3020155207,-459.9490236914366,1.0
22,AA,-6208.823891912795,-3052.103273040555,-375.2180200927964,1.0
23,AA,-6207.697945867639,-3051.6930133804126,-333.27541984572065,1.0
24,AA,-6205.362822136052,-3050.8421670431203,-290.7758019378942,1.0
767,AL,-6018.966705666819,-3049.1149552646084,-203.64972410718133,1.0
2167,Y,-6482.237852635515,-3049.114533276129,-466.5973767696398,1.0
628,AJ,-5868.4399484117075,-3048.56744788759,-200.78992375884806,1.0
2228,Z,-6340.54054702628,-3047.9746327597054,-446.27180556469716,1.0
976,AQ,-6431.712106928031,-3047.9349164500736,-491.2988982653318,1.0
25,AA,-6190.152901214872,-3045.30014572269,-263.9644915639724,1.0
555,AI,-5794.6207559515615,-3042.3027092202137,-201.38191613125997,1.0
2229,Z,-6319.7293243083395,-3040.38232360524,-431.8558238844688,1.0
428,AG,-5642.433846326302,-3039.820691046264,-201.3002525067442,1.0
1040,AS,-6609.980926585695,-3039.611148277456,-465.07941606435156,1.0
490,AH,-5722.4354545693095,-3038.0173844478204,-197.200113015511,1.0
82,AB,-6020.681796900424,-3037.600076660926,-200.0828804110138,1.0
26,AA,-6167.115078627431,-3036.905880912405,-242.0720959067274,1.0
946,AP,-6366.477011524253,-3036.2039660226437,-441.4205321216622,1.0
913,AO,-6287.904108076146,-3033.1853175669407,-425.22039959610584,1.0
975,AQ,-6451.664596622292,-3032.677130213286,-475.9530824447529,1.0
1101,AU,-6789.665929904789,-3031.986404511118,-437.77360860149395,1.0
701,AK,-5961.045489753511,-3031.8099141183607,-207.9033042723355,1.0
2168,Y,-6433.856494294843,-3031.5060666356767,-466.28252137223643,1.0
1006,AR,-6539.321291694807,-3031.4543072661795,-465.0395285797686,1.0
627,AJ,-5892.703565975816,-3029.9764638993734,-206.33360459503245,1.0
2230,Z,-6279.237094263564,-3025.610028242285,-426.5638947708577,1.0
27,AA,-6131.836609825768,-3024.0515059775107,-232.13623111378394,1.0
822,AM,-6133.038427338128,-3023.9682450989285,-209.63854587291797,1.0
870,AN,-6217.856420663485,-3023.5518670049246,-261.68365481624994,1.0
2169,Y,-6407.303819001278,-3021.8421813468567,-443.81573938043664,1.0
83,AB,-5968.01285576207,-3018.4605596579704,-200.3088260495823,1.0
367,AF,-5586.603541748399,-3018.4051146795755,-201.30025272086417,1.0
626,AJ,-5908.223800715115,-3018.084731977317,-215.90045154942487,1.0
427,AG,-5671.899924661146,-3017.179476443388,-201.28428053835427,1.0
1072,AT,-6725.880116743784,-3014.3069218820215,-460.15039065202984,1.0
1039,AS,-6644.34469909679,-3013.3153919211395,-459.9490236810886,1.0
2231,Z,-6236.730110953779,-3010.1027145738108,-424.20768415892843,1.0
2170,Y,-6369.307064269802,-3008.0132064879144,-424.94604550492767,1.0
489,AH,-5762.671358981278,-3007.1994429558113,-201.38191613125997,1.0
554,AI,-5840.774116083116,-3006.898089693249,-200.69697893845628,1.0
28,AA,-6084.543008571633,-3006.8191911069352,-229.8616308551245,1.0
766,AL,-6074.874840885825,-3006.2679798403556,-210.65312093475947,1.0
2117,X,-6498.225569761954,-3005.186376580758,-466.5973768930401,1.0
84,AB,-5930.52142254837,-3004.836440624063,-203.6739272366423,1.0
2232,Z,-6214.798401667024,-3002.1016317230965,-399.3418455730884,1.0
945,AP,-6411.492333565239,-3001.761249884746,-421.5594757440723,1.0
2233,Z,-6210.685098902081,-3000.601024735193,-349.4271841904619,1.0
1005,AR,-6579.949191672579,-3000.3651316310156,-461.12546853159387,1.0
974,AQ,-6494.554939342442,-2999.878632839054,-468.3386265888073,1.0
2234,Z,-6208.174347056249,-2999.6850572073804,-308.04457068498704,1.0
2235,Z,-6206.937968322401,-2999.2340039604564,-263.9644910408796,1.0
426,AG,-5696.8098652114,-2998.039117711758,-203.1483423709046,1.0
366,AF,-5613.746314224398,-2997.615613702247,-201.30025272086417,1.0
700,AK,-6005.708999852162,-2997.5995659576915,-214.90670080071632,1.0
821,AM,-6167.797870187352,-2997.355546667492,-220.09052585838725,1.0
869,AN,-6253.002929220589,-2996.6199639697043,-440.7473604211839,1.0
2171,Y,-6337.635149864252,-2996.486166582948,-422.0815176685298,1.0
1071,AT,-6754.1056835785475,-2992.68425114485,-453.0366915164898,1.0
85,AB,-5896.036218971388,-2992.3047639670704,-209.46789743690837,1.0
2118,X,-6462.509796586017,-2992.187568319152,-456.84767453822093,1.0
1100,AU,-6842.685266720977,-2991.4221878969356,-432.726179190373,1.0
2236,Z,-6183.903473454373,-2990.8306050527967,-242.07209564013633,1.0
912,AO,-6344.098130614218,-2990.1711297392917,-426.1974636474629,1.0
29,AA,-6037.258605522163,-2989.59022777557,-232.41868488520947,1.0
553,AI,-5863.429423679969,-2989.519018192351,-208.65827027751024,1.0
305,AE,-5546.04510527077,-2987.1318450586464,-211.66260612853947,1.0
625,AJ,-5949.707907764658,-2986.2992668509487,-221.30441895329167,1.0
488,AH,-5790.927412795294,-2985.5572448752228,-219.95375990593968,1.0
234,AD,-5469.244962016925,-2981.5634900289024,-226.2050737201946,1.0
2172,Y,-6296.2966278464655,-2981.440950597272,-420.34388193020624,1.0
944,AP,-6438.36403996612,-2981.20081593153,-439.99369312710587,1.0
425,AG,-5721.276059239385,-2979.239725977019,-221.20934731590532,1.0
86,AB,-5856.935220904779,-2978.0957405625086,-219.67955678395379,1.0
1038,AS,-6691.343480155344,-2977.351107285029,-455.20795627569623,1.0
2237,Z,-6145.738247081633,-2976.907242571927,-239.83194694616526,1.0
365,AF,-5642.356263154849,-2975.7023562493896,-192.0598016850056,1.0
304,AE,-5562.961851313216,-2974.154047236868,-195.31061326377286,1.0
2119,X,-6411.892509853769,-2973.7653322467568,-428.98955169982924,1.0
30,AA,-5993.573276360029,-2973.672654840039,-231.41955328325776,1.0
820,AM,-6198.880135140461,-2973.5581875627677,-233.45539822555793,1.0
1004,AR,-6615.09798257914,-2973.4686655459946,-456.983563424325,1.0
552,AI,-5885.709034876287,-2972.4281464689066,-219.99075933152358,1.0
2173,Y,-6264.632665900043,-2969.91680500152,-408.21336421318364,1.0
1070,AT,-6783.865409417166,-2969.8863120705355,-439.2577182247475,1.0
233,AD,-5484.770798682512,-2969.662879284009,-199.73869002094614,1.0
765,AL,-6124.702953198397,-2968.080623110777,-226.31846504527525,1.0
973,AQ,-6536.258421941175,-2967.987734381199,-462.97228703083624,1.0
699,AK,-6044.992421384533,-2967.5101366988542,-224.6714052219218,1.0
87,AB,-5823.410339891576,-2965.913038265746,-235.71562362963616,1.0
487,AH,-5817.285745598654,-2965.368570853041,-235.88337431412072,1.0
624,AJ,-5979.7788196542915,-2963.258686031779,-224.57116244379029,1.0
868,AN,-6297.6328823466965,-2962.4211311580234,-430.5537388036499,1.0
1099,AU,-6880.974886080938,-2962.127434188929,-428.7598609281434,1.0
31,AA,-5961.7041799239205,-2962.060548976569,-230.41660942978876,1.0
2238,Z,-6101.343332013292,-2960.711177369352,-237.5573459029959,1.0
819,AM,-6219.041488532004,-2958.122151372367,-248.33297673027738,1.0
364,AF,-5665.831093761206,-2957.722247022707,-203.14834237366608,1.0
424,AG,-5749.498720627906,-2957.553931013046,-239.78119161160828,1.0
2063,W,-6508.608495930042,-2957.1698819642047,-447.93525719167815,1.0
911,AO,-6388.75516467336,-2955.9880269093724,-434.4530836754169,1.0
2174,Y,-6224.722469853994,-2955.391430357378,-380.32267146620313,1.0
943,AP,-6472.5913793260115,-2955.0123432009595,-450.90377149927394,1.0
32,AA,-5936.348109023197,-2952.8215867056697,-228.8661544436104,1.0
88,AB,-5785.657348438522,-2952.1938708359307,-243.39314904351482,1.0
2120,X,-6352.3563083634235,-2952.0970440093693,-432.8641997703313,1.0
698,AK,-6069.054618960309,-2949.079517279111,-233.4077653545198,1.0
170,AC,-5429.660560030461,-2946.7916837414004,-220.24884055522026,1.0
486,AH,-5841.686678249669,-2946.6791310161725,-247.87989085500317,1.0
764,AL,-6153.740709420177,-2945.826616205766,-246.88995184925608,1.0
1069,AT,-6815.754434995297,-2945.4571870775208,-439.2675005444861,1.0
551,AI,-5920.900987716774,-2945.4321120051786,-228.70186776525003,1.0
2239,Z,-6052.61983288357,-2942.9359666816454,-233.95782796126983,1.0
1037,AS,-6737.897725538763,-2941.7269890785865,-453.0366916136319,1.0
363,AF,-5687.397008242156,-2941.204236544038,-235.0460662081271,1.0
33,AA,-5903.028336739433,-2940.680899758945,-232.20234624607917,1.0
1003,AR,-6661.311745658162,-2938.1050903203086,-455.20795627569623,1.0
2064,W,-6452.8507084560415,-2936.8767530741866,-448.8496233690943,1.0
763,AL,-6165.875230867435,-2936.5269402248196,-355.66132564100536,1.0
2175,Y,-6172.760196095145,-2936.4796842753008,-372.8972557800417,1.0
423,AG,-5777.3981196963505,-2936.1165251111906,-249.76257614337243,1.0
89,AB,-5740.39153428615,-2935.7445973002023,-249.64347190042673,1.0
232,AD,-5529.521740436238,-2935.3611183065195,-181.32729206237133,1.0
818,AM,-6249.357863199363,-2934.9111770176705,-260.5019986239995,1.0
623,AJ,-6016.917738461953,-2934.8025399905446,-231.06912241096907,1.0
34,AA,-5880.68172646173,-2932.5384911796923,-250.40178477513393,1.0
867,AN,-6336.97281823712,-2932.2759081384675,-432.65374719327303,1.0
303,AE,-5619.925236724129,-2930.4541951936926,-184.25533464139747,1.0
2121,X,-6289.486292343694,-2929.215409062847,-435.17006952272607,1.0
1098,AU,-6924.052339779356,-2929.169587713631,-426.2420477204529,1.0
972,AQ,-6588.486637683748,-2928.048510578055,-459.02359028409046,1.0
2240,Z,-6010.386741855641,-2927.528573854299,-239.11526861673477,1.0
362,AF,-5705.49006368408,-2927.346197755799,-248.53381404253938,1.0
697,AK,-6097.858595769972,-2927.01689674405,-244.74617935888537,1.0
169,AC,-5459.8096106027015,-2923.70823888609,-193.12656716742347,1.0
1068,AT,-6845.371326357495,-2922.7686687589216,-448.3838254085432,1.0
942,AP,-6515.151681066435,-2922.448044532741,-452.07550269333353,1.0
2065,W,-6409.749177517816,-2921.1898873947634,-440.9866278604484,1.0
35,AA,-5848.899291402426,-2920.9579620220047,-251.0767379758626,1.0
90,AB,-5698.146999501119,-2920.393235106,-246.6692826413232,1.0
762,AL,-6187.824931839698,-2919.7050896221444,-367.0731045375092,1.0
2241,Z,-5984.450372680413,-2918.0665188952257,-249.1937762077572,1.0
910,AO,-6439.02256975049,-2917.5104183322087,-444.4745385937788,1.0
168,AC,-5468.423624737507,-2917.1129691681526,-198.55102202977275,1.0
1036,AS,-6770.2863889834325,-2916.942620529622,-447.4951081239863,1.0
622,AJ,-6040.342224268695,-2916.854505678896,-244.6037715507327,1.0
550,AI,-5958.543580333863,-2916.5561717525543,-239.47698800631696,1.0
2176,Y,-6113.515064224138,-2914.9173312546573,-363.3870050846506,1.0
167,AC,-5472.730632171717,-2913.81533402834,-276.3015364877311,1.0
485,AH,-5885.860417841026,-2912.845078020342,-249.28670266442515,1.0
91,AB,-5676.844067938457,-2912.6519019399248,-215.56881967964586,1.0
2242,Z,-5969.39275227737,-2912.5732275696787,-279.01033807716954,1.0
2010,V,-6524.855819013085,-2912.5284289210845,-447.9352571003566,1.0
2122,X,-6235.643953252692,-2909.6194104335395,-396.49669481791096,1.0
621,AJ,-6050.733537490213,-2908.892595744923,-274.3356237935592,1.0
817,AM,-6283.976254135601,-2908.406471457113,-304.0235028302098,1.0
549,AI,-5970.134581021963,-2907.6646204520807,-282.6387387022048,1.0
620,AJ,-6052.84218817582,-2907.276930190136,-312.94880225191025,1.0
696,AK,-6123.9873119734975,-2907.0034119924135,-246.88995240521038,1.0
422,AG,-5815.920160713665,-2906.51686859421,-253.82812021039678,1.0
92,AB,-5659.535776559853,-2906.3621924835925,-196.2764985630791,1.0
231,AD,-5567.879690406102,-2905.959608977541,-184.7794285443887,1.0
2243,Z,-5951.101873758286,-2905.900385406304,-316.765175352916,1.0
36,AA,-5807.116917414028,-2905.733766665444,-249.53759463696235,1.0
619,AJ,-6057.1803166257005,-2903.9530203758864,-342.855718835007,1.0
548,AI,-5975.181558589149,-2903.7930427377382,-340.3354214186138,1.0
166,AC,-5487.0873231300075,-2902.8232172700914,-297.9993550131786,1.0
695,AK,-6130.395552925764,-2902.0949721140823,-334.7220478411129,1.0
2066,W,-6355.223479443698,-2901.3451792568694,-434.1972080714663,1.0
361,AF,-5741.942095651662,-2899.4264428786682,-246.5021106457369,1.0
1097,AU,-6963.387478470783,-2899.0749244785984,-424.5905794279776,1.0
1002,AR,-6712.576101414383,-2898.8767137416353,-453.0366916136319,1.0
2244,Z,-5930.475566385514,-2898.375536702719,-343.8571716563756,1.0
302,AE,-5662.927351938972,-2897.4648273940707,-199.4677240446357,1.0
93,AB,-5633.681517256575,-2896.9669393260624,-185.42238874853825,1.0
618,AJ,-6068.031375330624,-2895.6388496589507,-359.5132053586853,1.0
816,AM,-6301.326575190848,-2895.1226318991894,-344.3400426080575,1.0
694,AK,-6139.501145019096,-2895.120476042594,-354.24346492743757,1.0
761,AL,-6219.913127446895,-2895.113281592698,-361.8965898428456,1.0
866,AN,-6385.56664646592,-2895.039655557594,-439.43063087424844,1.0
941,AP,-6552.657055283082,-2893.7514385945806,-454.6648765382239,1.0
484,AH,-5910.872497083678,-2893.6875418357126,-273.34236170138604,1.0
2011,V,-6469.129070632687,-2892.150016601736,-448.84962314764624,1.0
483,AH,-5913.813691837761,-2891.4347885007837,-340.99944838445964,1.0
2123,X,-6184.94823761388,-2891.1686300450638,-368.8537496658547,1.0
909,AO,-6473.51206977672,-2891.110140060532,-448.30176437640773,1.0
1067,AT,-6887.562889783657,-2890.4471111728135,-451.3171133603891,1.0
2177,Y,-6043.937229732554,-2889.5943758937688,-373.3254018631624,1.0
1035,AS,-6806.113589416378,-2889.5270236765855,-452.44732429360255,1.0
2067,W,-6322.4164840310905,-2889.405024947255,-400.51184659123965,1.0
971,AQ,-6639.039784911454,-2889.3902215215735,-456.4618798128141,1.0
2245,Z,-5905.106781617839,-2889.1205467658115,-318.5461902164437,1.0
37,AA,-5757.82407345104,-2887.7729900379277,-249.64347167714874,1.0
547,AI,-5998.487101020377,-2885.9151707844226,-377.22983632518003,1.0
301,AE,-5678.72673836322,-2885.344219671547,-215.83731030221333,1.0
2246,Z,-5894.561880796957,-2885.273576882283,-280.2296583015256,1.0
94,AB,-5598.642027375009,-2884.233838985172,-188.37936637615923,1.0
617,AJ,-6084.5262910744295,-2883.0003091086874,-372.16162204876787,1.0
230,AD,-5598.018079615759,-2882.8584231163495,-188.23156595035576,1.0
815,AM,-6318.379324378113,-2882.06662080269,-398.86145821934184,1.0
165,AC,-5514.365034923699,-2881.93819621578,-316.08087060504306,1.0
2068,W,-6297.3845395726685,-2880.2946118861305,-369.8365235845944,1.0
693,AK,-6160.329735330734,-2879.166662186871,-364.237384368388,1.0
1001,AR,-6738.684617279382,-2878.8980233405923,-454.4145159135076,1.0
2012,V,-6426.051532690809,-2876.3972254306154,-440.98662834085536,1.0
2247,Z,-5868.625511108687,-2875.811521736043,-254.15502371574377,1.0
865,AN,-6412.187263721427,-2874.6409328367245,-441.1044200909698,1.0
300,AE,-5693.343043263799,-2874.131221059093,-248.64523079600548,1.0
760,AL,-6247.367292823209,-2874.0729098370603,-378.20623497814563,1.0
421,AG,-5860.041696837326,-2872.6146588521324,-255.23493201981876,1.0
360,AF,-5778.776864264101,-2871.2135379978176,-247.89169305181824,1.0
482,AH,-5940.295465494007,-2871.1515672567234,-379.8859441885635,1.0
2124,X,-6129.502781304753,-2870.989174542608,-363.38700493861404,1.0
95,AB,-5560.288913776496,-2870.2965914542838,-197.85074722171123,1.0
38,AA,-5706.93304091881,-2869.2298832871506,-250.9703946267465,1.0
2178,Y,-5987.684358650518,-2869.1210605952806,-380.65324420565486,1.0
616,AJ,-6102.924024243093,-2868.9038141464493,-370.35577935658256,1.0
1034,AS,-6837.050995167314,-2865.8531827541296,-456.6212152260326,1.0
814,AM,-6339.582740845454,-2865.832755069882,-421.89708025214344,1.0
96,AB,-5545.274014939733,-2864.8402844662814,-213.82630583559163,1.0
546,AI,-6026.604704834902,-2864.345927240168,-377.46358612164335,1.0
97,AB,-5539.142408431312,-2862.612102458311,-274.44218070651004,1.0
908,AO,-6511.0115505590065,-2862.405846668547,-454.66487649747853,1.0
164,AC,-5540.20707806173,-2862.1523865002814,-258.2200218198163,1.0
39,AA,-5686.214096616844,-2861.68054547972,-229.70104456656875,1.0
2248,Z,-5823.957319409324,-2859.5157602928607,-254.15502371574377,1.0
940,AP,-6598.872700508794,-2858.3903153710335,-449.9238096565712,1.0
98,AB,-5522.8485798712545,-2856.6910415440752,-279.55393265316883,1.0
40,AA,-5671.797802249089,-2856.427696950019,-197.50538738033285,1.0
163,AC,-5547.757697621679,-2856.3712986408846,-210.63469253584412,1.0
692,AK,-6190.173290183087,-2856.3077691084723,-367.5680291168428,1.0
1066,AT,-6933.064575443127,-2855.5897787138874,-449.66564514992194,1.0
229,AD,-5633.636175754451,-2855.5570217973277,-188.23156595035576,1.0
2013,V,-6365.7429797699515,-2854.34331786337,-435.7446323294507,1.0
2069,W,-6224.141558730823,-2853.637721111802,-366.18773214804344,1.0
864,AN,-6440.388440882236,-2853.0310660262016,-449.26686839124596,1.0
420,AG,-5886.979528049802,-2851.9161047219577,-256.04446411266895,1.0
759,AL,-6278.354839954256,-2850.3246187309305,-393.7282414184668,1.0
1000,AR,-6776.866873314662,-2849.6802969831597,-458.3782453308693,1.0
970,AQ,-6691.329517385258,-2849.403955512194,-454.27518594819946,1.0
2179,Y,-5932.6038497294585,-2849.07442823233,-380.06683967636127,1.0
41,AA,-5651.14747810086,-2848.9033621887575,-192.79572351537234,1.0
162,AC,-5559.296463530303,-2847.536709773423,-193.97766986399876,1.0
99,AB,-5494.551270350279,-2846.4080013877924,-267.87948607710086,1.0
615,AJ,-6132.417060518731,-2846.30600639105,-367.1310011644691,1.0
299,AE,-5733.062380242562,-2843.66025911215,-250.5667911937363,1.0
1033,AS,-6867.484589244489,-2842.5648672863786,-452.96459100089913,1.0
419,AG,-5899.528413799547,-2842.2737623627786,-275.8264516475681,1.0
2125,X,-6049.792478930073,-2841.978492569155,-374.6732374624734,1.0
813,AM,-6371.368905129414,-2841.496473039975,-436.73169766193377,1.0
2249,Z,-5773.225668843694,-2841.007939765885,-252.72175825845392,1.0
2180,Y,-5906.724293333174,-2839.655525557772,-346.74283577695957,1.0
418,AG,-5903.283005069177,-2839.388800688687,-335.05114191762186,1.0
2181,Y,-5899.704228499786,-2837.100562620144,-268.83550113043884,1.0
2014,V,-6318.421225789642,-2837.0384823523727,-423.72320575912283,1.0
907,AO,-6544.59983459505,-2836.6954117667565,-457.2494716203642,1.0
42,AA,-5616.696277792585,-2836.3504181194035,-185.30714384709043,1.0
545,AI,-6064.870534835742,-2834.9918965000097,-378.1733703932449,1.0
100,AB,-5461.211273621737,-2834.292484719474,-255.2963056481516,1.0
228,AD,-5662.861280842589,-2833.1558715647325,-192.83441520901204,1.0
691,AK,-6221.009905226404,-2832.688234181677,-369.6990744829715,1.0
481,AH,-5992.15140425383,-2831.4334769075936,-382.77580184841025,1.0
863,AN,-6468.95312902253,-2831.142649713788,-458.26354868450005,1.0
2182,Y,-5879.018315066213,-2829.5718939528124,-252.14044301235032,1.0
359,AF,-5834.237539065859,-2828.7344672244126,-249.6151834732767,1.0
758,AL,-6308.6749258137115,-2827.087857773115,-420.59013335916444,1.0
999,AR,-6807.019260670132,-2826.60716578941,-456.6212152260326,1.0
2070,W,-6146.148836846594,-2825.2521550880797,-363.38700389411014,1.0
1960,U,-6422.844006128542,-2824.4340427028365,-453.7446780042547,1.0
2250,Z,-5723.787915730142,-2822.9721563509756,-250.97039482788628,1.0
417,AG,-5925.417926646536,-2822.3807175649085,-369.9722285962408,1.0
2126,X,-5992.273049493894,-2821.0442114918624,-379.30540905700053,1.0
939,AP,-6649.245431634239,-2819.8484678271097,-441.42624088335754,1.0
43,AA,-5570.850077853739,-2819.6454911945066,-191.7063018314198,1.0
101,AB,-5420.786546023138,-2819.6024274581973,-263.2840852236878,1.0
2015,V,-6270.619132860801,-2819.557994296939,-394.8949302579583,1.0
161,AC,-5596.633056905083,-2818.9501646619347,-191.82028991054975,1.0
227,AD,-5682.953540315693,-2817.7550809906056,-207.7936757616198,1.0
614,AJ,-6169.84114074436,-2817.6313673183663,-364.45473647377855,1.0
1032,AS,-6902.538028119076,-2815.7413662345207,-451.31312270842386,1.0
906,AO,-6572.940399284104,-2815.001887836329,-450.7603288201458,1.0
2251,Z,-5695.697913748841,-2812.7244173266013,-242.26014891086234,1.0
102,AB,-5401.614365601532,-2812.635394037132,-276.6635265433843,1.0
544,AI,-6094.4952124427045,-2812.2665643401433,-372.22147147094967,1.0
44,AA,-5548.555564953415,-2811.5220652764833,-205.62438964211862,1.0
690,AK,-6250.87819347278,-2809.810396375942,-380.9675006115848,1.0
969,AQ,-6744.23630995989,-2808.9458200139466,-456.05955796229136,1.0
1961,U,-6377.088451967162,-2807.7394486169273,-438.93414456982725,1.0
2183,Y,-5818.3119624884885,-2807.4777275033807,-251.0595715866088,1.0
226,AD,-5697.134569234412,-2806.885270315743,-245.15785720995487,1.0
298,AE,-5782.6855333499425,-2805.591516654772,-250.08849026736675,1.0
416,AG,-5947.37653162249,-2805.508113006178,-379.79032599776525,1.0
2252,Z,-5673.90965161929,-2804.7756665843654,-200.64516363226574,1.0
2127,X,-5947.325008188398,-2804.6853056441078,-374.67549878811855,1.0
103,AB,-5379.485129205111,-2804.5937875966465,-264.43895615061,1.0
45,AA,-5529.3802637042,-2804.5351829054625,-243.3017032697523,1.0
2016,V,-6227.467518356757,-2803.7781144696364,-373.92485197061575,1.0
998,AR,-6837.452854747307,-2803.3188503216584,-452.96459100089913,1.0
812,AM,-6421.522234181578,-2803.0978304844125,-457.46360140054054,1.0
480,AH,-6034.129136325513,-2799.2814149654346,-380.82947825662836,1.0
938,AP,-6676.248724096437,-2799.187353013417,-452.0958290274065,1.0
757,AL,-6346.151888959345,-2798.3661965589386,-428.30484782983234,1.0
862,AN,-6514.269450672883,-2796.417869623123,-458.14913985289905,1.0
2071,W,-6066.438534382455,-2796.241473082067,-374.67323740374854,1.0
905,AO,-6598.138815951711,-2795.713547572639,-449.1513745834472,1.0
104,AB,-5347.918048604161,-2793.122535985409,-245.37840114786496,1.0
46,AA,-5494.318762821781,-2791.7598643207316,-246.69408177791945,1.0
2128,X,-5911.741940193274,-2791.7347956285516,-351.2360647974296,1.0
2253,Z,-5633.564188115798,-2790.056914301029,-185.30714335193727,1.0
2129,X,-5903.170148287873,-2788.615079337158,-316.7640395996396,1.0
613,AJ,-6208.03153678366,-2788.3695707460156,-368.7307108987006,1.0
1962,U,-6323.798021022613,-2788.2956427317545,-431.1654006499983,1.0
160,AC,-5637.227980177154,-2787.8688982548524,-187.61408300125714,1.0
2130,X,-5900.499596024318,-2787.643127906748,-267.33775821942095,1.0
105,AB,-5332.32565371655,-2787.4563710575,-250.293957685766,1.0
2184,Y,-5762.524532637497,-2787.17381022659,-248.3959256485446,1.0
358,AF,-5890.1457768957025,-2785.9125938866036,-250.68476607820665,1.0
689,AK,-6283.455708803611,-2784.857405909774,-380.8900520334673,1.0
106,AB,-5318.982795704471,-2782.607671762039,-285.3618816634986,1.0
225,AD,-5730.128044614716,-2781.595650433775,-251.0126305388604,1.0
2131,X,-5882.628535701252,-2781.13892917565,-255.13592875871603,1.0
543,AI,-6135.919599476974,-2780.489578701272,-366.2695704645613,1.0
2017,V,-6162.5979320582055,-2780.0563073483295,-363.3870050846506,1.0
297,AE,-5818.486746303998,-2778.126370442469,-250.4210786994699,1.0
1931,T,-6441.481111073181,-2777.9195467811323,-455.79825203913333,1.0
997,AR,-6872.506293621894,-2776.4953492698005,-451.31312270842386,1.0
479,AH,-6064.824985794828,-2775.7705008498447,-378.1977141635624,1.0
357,AF,-5903.962059543619,-2775.3302695545594,-277.663641554886,1.0
2072,W,-6008.919104613836,-2775.3071918837827,-379.30540846845656,1.0
415,AG,-5986.95173926047,-2775.0992218431716,-377.839458562032,1.0
107,AB,-5297.038707649644,-2774.633346906401,-320.02935694380807,1.0
2254,Z,-5590.67423150951,-2774.4098850711785,-186.9966377118978,1.0
356,AF,-5907.433904134615,-2772.6710748617015,-344.4915807057366,1.0
756,AL,-6380.683757331579,-2771.9016022793644,-439.2023048560868,1.0
968,AQ,-6793.709983918596,-2771.113010516113,-452.8779085374427,1.0
47,AA,-5435.317836175123,-2770.2617648174282,-254.54352227497355,1.0
1963,U,-6274.161346318237,-2770.1849641234007,-421.26004350434766,1.0
937,AP,-6714.432534998129,-2769.971652662486,-456.0595584447682,1.0
1937,T,-6416.055942986097,-2768.6427962628723,-453.1790884341192,1.0
159,AC,-5662.660786074197,-2768.396418647791,-192.47335231313969,1.0
811,AM,-6467.761166744246,-2767.6961477411196,-461.08771282827445,1.0
2185,Y,-5704.516746515257,-2766.06179101399,-246.49961872259226,1.0
861,AN,-6558.761988142611,-2762.324335041197,-458.16247177971735,1.0
904,AO,-6642.23502104109,-2761.9597360010252,-458.0140766729521,1.0
612,AJ,-6242.686539118437,-2761.816622002276,-374.33462879838083,1.0
2255,Z,-5550.685218551578,-2759.8211723716213,-199.3448372986473,1.0
688,AK,-6316.437919290955,-2759.5944361747875,-381.51546649381896,1.0
1964,U,-6243.770324602904,-2759.096348092131,-373.9248522205004,1.0
2073,W,-5963.971063338848,-2758.948286047132,-374.6754989055688,1.0
1932,T,-6388.0329135875545,-2758.4181774282683,-446.08473517554427,1.0
48,AA,-5399.917279474721,-2757.3629048558673,-271.81229104353855,1.0
2018,V,-6097.465023682361,-2756.238207404996,-366.93611779770833,1.0
2186,Y,-5676.858409786026,-2755.995498616869,-195.3041803810745,1.0
2132,X,-5813.47762412943,-2755.9713530403246,-249.5618285457232,1.0
296,AE,-5847.626663014083,-2755.7714833585082,-258.9887525526732,1.0
414,AG,-6012.833816325892,-2755.211890568638,-376.85035892477543,1.0
2256,Z,-5536.276124223313,-2754.564475047358,-188.6082235393111,1.0
224,AD,-5767.648350660238,-2752.8361982448473,-251.91425572677153,1.0
2257,Z,-5527.578976248477,-2751.391598706452,-136.32239011815304,1.0
355,AF,-5935.3288095053,-2751.305491704007,-363.7754541644123,1.0
49,AA,-5380.7419782255065,-2750.376022484846,-238.84464182245532,1.0
2187,Y,-5655.880368764726,-2748.3605096836404,-159.33848796789775,1.0
478,AH,-6100.755196901287,-2748.250424941098,-361.2062178562961,1.0
542,AI,-6178.699267958137,-2747.6729455948607,-359.4671484645485,1.0
1930,T,-6356.4788073465825,-2746.905192718725,-432.94902281746425,1.0
936,AP,-6744.586150838224,-2746.9001209301136,-454.3025283399315,1.0
158,AC,-5691.639018185329,-2746.209404123439,-223.83308705536388,1.0
755,AL,-6414.208125178655,-2746.2091380318902,-449.98710779363256,1.0
50,AA,-5364.516723283181,-2744.4640450797197,-237.27475350640853,1.0
413,AG,-6031.32032899947,-2741.007180462838,-358.36566150249826,1.0
2074,W,-5912.779070494134,-2740.3168848384844,-333.83761506830274,1.0
2133,X,-5768.9496061091895,-2739.765315285991,-221.43655286437124,1.0
2258,Z,-5494.438059396076,-2739.3011948980798,-111.78155788807436,1.0
2075,W,-5909.610671157386,-2739.163741232388,-263.3244316879758,1.0
611,AJ,-6273.670727538175,-2738.076281169864,-371.73354516066115,1.0
1965,U,-6181.564865671868,-2736.3997617254013,-360.5328576671096,1.0
1871,S,-6451.140086972942,-2735.4749811249553,-449.6868712555422,1.0
967,AQ,-6840.4154834496085,-2735.3970402865148,-450.4444396620629,1.0
2188,Y,-5619.8046887191695,-2735.230712786644,-121.7827764822265,1.0
2019,V,-6039.977613944796,-2735.215948384847,-356.09405097721236,1.0
687,AK,-6349.851254997284,-2734.0012428678115,-388.15934336016517,1.0
810,AM,-6513.667457489322,-2732.549143889421,-460.22928864633036,1.0
477,AH,-6122.61498855556,-2731.507324715705,-337.7164124962591,1.0
1929,T,-6313.821871071635,-2731.341175429217,-391.12930862533426,1.0
903,AO,-6682.76258159399,-2730.937573445606,-458.0352689549061,1.0
2076,W,-5886.666577664533,-2730.8132046058736,-209.1683442661356,1.0
51,AA,-5323.216074477862,-2729.4153753717833,-276.52195545008897,1.0
157,AC,-5714.515277764046,-2728.694329304888,-249.85051714737187,1.0
2134,X,-5737.389571877724,-2728.2789943351972,-190.21406896683933,1.0
2259,Z,-5462.67174515045,-2727.7122708968595,-95.26143581616748,1.0
412,AG,-6048.7551074256835,-2727.6106043926957,-342.35186484330666,1.0
354,AF,-5967.054143006462,-2727.0060634708875,-334.94029452540013,1.0
1872,S,-6425.816290589238,-2726.182942451879,-438.227247048771,1.0
223,AD,-5803.00944729623,-2725.731787987186,-252.3636343508554,1.0
2260,Z,-5455.467197986317,-2725.0839222347277,-59.9839892806354,1.0
295,AE,-5888.410795480487,-2724.4836562458004,-278.75925152443426,1.0
2261,Z,-5450.307674099541,-2723.201634924214,-31.54230911782753,1.0
860,AN,-6611.550754257832,-2721.873604976385,-458.0140768358042,1.0
935,AP,-6777.7426699926955,-2721.530968259864,-451.7882304724703,1.0
1966,U,-6138.5216636846735,-2720.6948096489928,-333.44269928634105,1.0
2189,Y,-5577.716810064356,-2719.912767349017,-97.05371171606043,1.0
2020,V,-5997.96119861521,-2719.8511933856394,-332.89505406061534,1.0
2077,W,-5854.066621213607,-2718.9484024313597,-170.24488725033564,1.0
1873,S,-6404.055518634114,-2718.198281246299,-417.5787557432186,1.0
2135,X,-5705.373350826527,-2716.626643519337,-137.19068665209792,1.0
541,AI,-6220.29346575713,-2715.7656967313947,-338.2955204841884,1.0
754,AL,-6456.552089957768,-2713.757495508866,-452.5285691753168,1.0
686,AK,-6376.62884314043,-2713.4907498219977,-393.2727057930571,1.0
52,AA,-5278.9653793656535,-2713.2918006979526,-323.6185973492336,1.0
1874,S,-6387.061874382251,-2711.9628180798672,-403.2256009687308,1.0
610,AJ,-6308.620745635619,-2711.2972889144553,-371.90084573316176,1.0
1928,T,-6255.219721270594,-2709.9593099612694,-361.78471589159676,1.0
2190,Y,-5546.7045960489995,-2708.625826372891,-57.41485830345823,1.0
2262,Z,-5409.962210596048,-2708.4828826408775,-26.940903142952436,1.0
411,AG,-6074.939140516527,-2707.491255436864,-329.7762741810075,1.0
476,AH,-6154.348554807571,-2707.201590760426,-332.90607139378386,1.0
902,AO,-6714.365730180351,-2706.7466771929335,-457.19838909772506,1.0
2021,V,-5960.516590869646,-2706.15827790156,-307.14421991820416,1.0
2078,W,-5815.223300158407,-2704.8113185117895,-152.53546897399968,1.0
1967,U,-6092.427792001933,-2703.8767753863713,-316.13599741289374,1.0
156,AC,-5749.211397135386,-2702.1294477248684,-240.987174317174,1.0
2136,X,-5664.693845986061,-2701.8212778061693,-115.15173624821304,1.0
353,AF,-6000.738137995652,-2701.2064349558823,-316.8555053798917,1.0
222,AD,-5837.082280255815,-2699.614836562174,-252.38905312994027,1.0
2263,Z,-5383.1670351865405,-2698.707519688189,-24.822298291316656,1.0
809,AM,-6559.386175485216,-2697.5457504238143,-460.76672106879255,1.0
934,AP,-6809.657334930742,-2697.1119994452815,-450.4444403433512,1.0
1875,S,-6345.105829889308,-2696.5679230139526,-392.7885221538676,1.0
685,AK,-6400.187143430269,-2695.446094280844,-399.9626675569321,1.0
294,AE,-5926.466020146276,-2695.289329480134,-292.4342205676036,1.0
1821,R,-6467.509275770777,-2695.211202471206,-454.79535413180326,1.0
2022,V,-5928.7154571205865,-2694.5290938096164,-273.28347523693714,1.0
2191,Y,-5507.970409164156,-2694.528461995392,-36.45250891575097,1.0
609,AJ,-6330.929071709877,-2694.204465399798,-380.29283574942497,1.0
540,AI,-6249.7250718644555,-2693.188471295864,-341.10386561626814,1.0
859,AN,-6652.062341558504,-2690.8305743660517,-462.53360958491544,1.0
1925,T,-6196.083086954373,-2688.3824298729187,-347.0407444895106,1.0
1876,S,-6316.410800536496,-2686.038880747488,-376.2873839829764,1.0
1968,U,-6042.121914045535,-2685.5219280239016,-303.9022150516462,1.0
1822,R,-6439.585343792733,-2684.9503610870324,-436.950124155779,1.0
2023,V,-5902.042853494225,-2684.7753340779655,-241.03728036908186,1.0
2079,W,-5758.612112082439,-2684.2075932155103,-144.67831916405822,1.0
2264,Z,-5342.548559268842,-2683.8891675553027,-35.34596402771234,1.0
2024,V,-5899.391560672484,-2683.805797188213,-178.21212131319564,1.0
2137,X,-5611.897755238339,-2682.6060628026657,-81.7236245062337,1.0
901,AO,-6746.022139429239,-2682.515012117559,-454.31919070154584,1.0
753,AL,-6498.119789969039,-2681.9007681498015,-456.2355768092674,1.0
1823,R,-6423.822044658671,-2679.1580281078136,-404.8075446267569,1.0
155,AC,-5779.2806245949305,-2679.1071189705676,-240.18141537409258,1.0
410,AG,-6112.515587924695,-2678.618176362205,-329.41901633904223,1.0
475,AH,-6191.749098151553,-2678.5553412628915,-328.9991434833696,1.0
684,AK,-6427.958999150729,-2674.1740345800663,-404.9846248009095,1.0
539,AI,-6275.10374656969,-2673.72028264229,-344.34796387231455,1.0
1877,S,-6277.719309522815,-2671.8418454621524,-351.0228475797029,1.0
2192,Y,-5445.177827999707,-2671.675009578521,-31.207205181683776,1.0
352,AF,-6039.598118967648,-2671.4423563927726,-313.422721947444,1.0
2025,V,-5864.311218538599,-2670.977457170449,-148.55185169318196,1.0
1933,T,-6144.634870876831,-2669.610783466248,-318.8109294741459,1.0
221,AD,-5876.562585439077,-2669.353037845908,-256.9544085114106,1.0
608,AJ,-6364.294616477146,-2668.639509684209,-399.3911011177897,1.0
1824,R,-6390.1098449910605,-2666.770247842021,-401.2708080748284,1.0
858,AN,-6683.653033821848,-2666.623405694674,-457.19838890098316,1.0
2138,X,-5565.867808518018,-2665.853395885391,-67.27809750961757,1.0
1969,U,-5981.737697991841,-2663.4898491934996,-301.9592542472712,1.0
293,AE,-5968.927956386434,-2662.714363688052,-293.75437839161464,1.0
2080,W,-5696.510802036044,-2661.605729940392,-141.11032645633284,1.0
683,AK,-6445.996079844187,-2660.3583983042263,-442.6035491723469,1.0
808,AM,-6608.652945082903,-2659.825879950585,-462.33334029684477,1.0
900,AO,-6776.642334843991,-2659.0765256486975,-451.25330331975897,1.0
154,AC,-5805.831112530431,-2658.778892624859,-239.7785363645267,1.0
474,AH,-6221.197439710686,-2655.9999325932126,-331.80748861544936,1.0
1878,S,-6228.127982804314,-2653.645342902451,-346.75710167818124,1.0
2193,Y,-5393.37625773281,-2652.821751769078,-24.822298597359577,1.0
538,AI,-6302.694993938648,-2652.554811426588,-350.2646947658255,1.0
1825,R,-6349.298637765349,-2651.773888290332,-396.61988211685446,1.0
1780,Q,-6486.272146973122,-2650.6415981824584,-454.7953541727232,1.0
2026,V,-5807.731609478344,-2650.28716685552,-140.69470160022195,1.0
607,AJ,-6388.890780022141,-2649.7937262214423,-400.83672447173404,1.0
1919,T,-6079.585901163899,-2645.8766999223403,-310.2265822211168,1.0
409,AG,-6155.365704968292,-2645.6929026044413,-329.9882425996029,1.0
2139,X,-5506.180936784142,-2644.130270990913,-48.66631954336253,1.0
1970,U,-5927.83044982544,-2643.820988376029,-292.43531739463464,1.0
1826,R,-6324.975341832275,-2642.836125452856,-367.4908228962719,1.0
752,AL,-6549.477418492465,-2642.5412180848384,-458.4071971159547,1.0
857,AN,-6716.584666075167,-2641.3887077673708,-456.8411444490349,1.0
2081,W,-5636.808314107822,-2639.8769215089774,-134.1334083678489,1.0
153,AC,-5831.741829309918,-2638.940503336025,-240.18141537409258,1.0
1879,S,-6185.189355633569,-2637.8899096256264,-338.6857020293993,1.0
2194,Y,-5352.326583377151,-2637.881662315546,-27.341849859824265,1.0
351,AF,-6083.547648055265,-2637.7800332558118,-308.42666835610737,1.0
1781,Q,-6450.46985397686,-2637.5017875570256,-445.73414470924627,1.0
473,AH,-6246.590545951332,-2636.5505558770305,-335.0515868714958,1.0
537,AI,-6324.1016696507795,-2636.1335756429994,-353.27007422646767,1.0
220,AD,-5920.278212214442,-2635.844849596332,-274.53432476838105,1.0
1782,Q,-6437.178133912347,-2632.623589265308,-428.52439997585884,1.0
807,AM,-6644.345415059452,-2632.4988326247903,-462.26235240863673,1.0
1827,R,-6295.227885363134,-2631.905217418397,-348.1011769126023,1.0
1971,U,-5893.273167786422,-2631.212250334766,-254.43942302045272,1.0
606,AJ,-6414.5778431405115,-2630.1120865040275,-400.61434340305635,1.0
682,AK,-6487.57229789176,-2628.5127844805534,-457.6534364653112,1.0
292,AE,-6013.630199649081,-2628.420730989011,-294.0177754542768,1.0
2027,V,-5745.664943017548,-2627.5903442849344,-137.1267091242924,1.0
1783,Q,-6418.687708823704,-2625.8374126348367,-403.2255996097953,1.0
2082,W,-5595.296068998439,-2624.7684787481962,-111.19429083458445,1.0
2140,X,-5451.883047173214,-2624.36847407879,-29.930846326012784,1.0
1938,T,-6019.091688899214,-2623.804487339279,-307.99557097702063,1.0
1880,S,-6146.516560256247,-2623.6997343139474,-314.37435479951375,1.0
536,AI,-6341.675033546113,-2622.6529046636874,-369.7500251964987,1.0
605,AJ,-6425.989424515511,-2621.3684386921414,-406.0382331737581,1.0
1828,R,-6264.220286407613,-2620.511261336681,-346.0214247958796,1.0
152,AC,-5859.571858823833,-2617.632603438254,-241.7929323363058,1.0
856,AN,-6747.714249573139,-2617.534875375115,-457.9194970417651,1.0
1972,U,-5854.085248473365,-2616.9139554502717,-239.47314003618163,1.0
472,AH,-6275.778972191203,-2614.194224504581,-333.66402166172554,1.0
408,AG,-6197.593456844939,-2613.245843258047,-332.08428848074925,1.0
2195,Y,-5279.472216499597,-2611.3662081660027,-25.3205765083473,1.0
604,AJ,-6440.715785024027,-2610.0849797563433,-427.38873313245705,1.0
1784,Q,-6375.013240587354,-2609.8084325398468,-397.4982843613262,1.0
350,AF,-6120.1717540278605,-2609.72848149984,-309.9143067677116,1.0
2141,X,-5409.363974818651,-2608.8935950589316,-27.51796914638402,1.0
1881,S,-6103.396519401892,-2607.877735071326,-295.00355005361405,1.0
751,AL,-6596.10817237551,-2606.8042585562375,-458.6148009226042,1.0
2083,W,-5544.463266692996,-2606.2678054654525,-92.34961444614893,1.0
2028,V,-5685.995759712539,-2605.770244324178,-130.149790728472,1.0
806,AM,-6681.329870253134,-2604.182609117127,-465.44152417339984,1.0
1918,T,-5963.212788003727,-2603.4162397152504,-305.02146079185303,1.0
1739,P,-6506.27744801703,-2603.3563411695854,-454.79535380214907,1.0
681,AK,-6520.930719224092,-2602.9616532472783,-458.40719632263574,1.0
535,AI,-6367.507312632047,-2602.836752384743,-394.9096038531648,1.0
2196,Y,-5254.970425255122,-2602.4487451480827,-41.438061395513046,1.0
1829,R,-6206.239894750721,-2599.205966557586,-345.9307226131218,1.0
291,AE,-6053.887970271992,-2597.5367059768264,-295.49003820707316,1.0
219,AD,-5970.6181336259915,-2597.2591152136397,-279.6400715112031,1.0
1973,U,-5799.8521984682475,-2597.126220988945,-237.86944138193516,1.0
151,AC,-5886.5106972655085,-2597.007038790886,-249.7681424154715,1.0
603,AJ,-6457.950096730225,-2596.8799079185883,-446.50499412359846,1.0
471,AH,-6298.779310089111,-2596.5775441293454,-346.62980456800904,1.0
1924,T,-5943.60582940148,-2596.2623494144304,-282.3483611515511,1.0
2142,X,-5370.8474175412775,-2594.875437297669,-20.60267342362266,1.0
1785,Q,-6329.896852095067,-2593.25025284577,-381.5577956651669,1.0
2084,W,-5505.509336714842,-2592.0904652654312,-72.50125696582529,1.0
1740,P,-6468.6342197070935,-2589.5529640991153,-452.64959902778776,1.0
349,AF,-6149.573405194274,-2587.208834466742,-313.31752843080085,1.0
1882,S,-6046.57496020237,-2587.028249569769,-292.7028080247022,1.0
2029,V,-5630.102480598936,-2585.3309342843677,-136.63454126092861,1.0
1830,R,-6161.532026548936,-2582.7777520567147,-317.0648195972038,1.0
1741,P,-6447.350094397853,-2581.7482985470633,-434.9078958490441,1.0
2197,Y,-5197.495928815842,-2581.530817501204,-38.28740738873972,1.0
407,AG,-6240.080579838405,-2580.5994877226267,-338.6095182849387,1.0
534,AI,-6397.870345254918,-2579.545022061458,-400.34547403297296,1.0
602,AJ,-6480.7751226532155,-2579.3911847162967,-454.5942393997307,1.0
1920,T,-5896.775210984239,-2579.1755021540857,-249.67099322257275,1.0
1974,U,-5750.2202752035355,-2579.017276013983,-246.9934605743382,1.0
805,AM,-6715.225377582443,-2578.231361318125,-466.8137819657345,1.0
1786,Q,-6288.576879527511,-2578.0853969343784,-364.4199223854489,1.0
2085,W,-5463.949121155034,-2576.9645635885513,-54.09075174642439,1.0
750,AL,-6637.414260976077,-2575.148025412213,-459.72791139281986,1.0
1742,P,-6428.3583110628115,-2574.7842107579972,-403.75755764635414,1.0
470,AH,-6328.48742136827,-2573.8231696814605,-357.1335144084972,1.0
2143,X,-5309.392077363096,-2572.5086757076897,-18.58140004692234,1.0
680,AK,-6561.811697575877,-2571.6485634459113,-459.4381615884219,1.0
1831,R,-6129.684240236384,-2571.0750633362613,-298.02447139608705,1.0
150,AC,-5921.3044020207435,-2570.367441530436,-264.66386941763716,1.0
218,AD,-6005.941977378709,-2570.1832594276325,-284.01592481749225,1.0
290,AE,-6089.757268065994,-2570.019328012311,-293.2814955862462,1.0
1975,U,-5722.488854399799,-2568.8990549099167,-214.83353029372734,1.0
1883,S,-5996.058927841907,-2568.4924455697883,-292.7028080247022,1.0
2030,V,-5582.999347433022,-2568.106045033054,-147.70192753797437,1.0
348,AF,-6174.6278890887315,-2568.0188192289525,-318.8932172213305,1.0
469,AH,-6339.5738183817975,-2565.3317504002657,-382.9571189889626,1.0
2086,W,-5426.0100308618885,-2563.1565757868866,-27.517969649039657,1.0
1743,P,-6392.670336541617,-2561.6978047478265,-397.49828421646157,1.0
1787,Q,-6243.882682118771,-2561.682165720449,-356.3642628062305,1.0
2198,Y,-5141.1940527760225,-2561.03966677614,-49.08214739971908,1.0
601,AJ,-6505.456877180872,-2560.4798207363638,-454.4739429416747,1.0
406,AG,-6266.975263438951,-2559.9340874560307,-347.61890420526566,1.0
2144,X,-5271.917796510828,-2558.8698559867603,-18.795815168686204,1.0
533,AI,-6424.921907773482,-2558.7935475025147,-405.372074180685,1.0
2031,V,-5553.11967726465,-2557.1795105347414,-103.16712339345611,1.0
1976,U,-5689.583567999078,-2556.893072033978,-197.90071072747492,1.0
1698,O,-6523.918783561809,-2556.644403348683,-454.79535427720765,1.0
347,AF,-6197.091770520445,-2550.8130276911825,-327.67200295053203,1.0
1884,S,-5945.8397074490385,-2550.065550527995,-301.46527429332616,1.0
1832,R,-6072.060605134756,-2549.900861213789,-288.8714429846622,1.0
289,AE,-6116.942071873774,-2549.164319208794,-297.60876266816103,1.0
2087,W,-5387.493473125055,-2549.138417858403,-20.602673534734777,1.0
1788,Q,-6206.358840695089,-2547.910529074232,-342.7880091807006,1.0
1927,T,-5809.767013824081,-2547.4292680551093,-231.274515734823,1.0
679,AK,-6593.460015433926,-2547.407298703575,-458.61480125579084,1.0
532,AI,-6440.34249968524,-2546.9642854951517,-420.63577708184687,1.0
1744,P,-6349.98685804769,-2546.046220790149,-390.64486404498507,1.0
1977,U,-5658.749206620384,-2545.642696936347,-192.19241729841093,1.0
217,AD,-6043.064176004035,-2541.7289580363376,-294.26607543294375,1.0
149,AC,-5959.109978924662,-2541.421821913202,-282.38157151549274,1.0
468,AH,-6371.008442928226,-2541.254985275856,-393.0411779296918,1.0
749,AL,-6682.164592692037,-2540.8521871455655,-464.96333818879975,1.0
2032,V,-5508.091710328413,-2540.713477564991,-76.82826007872461,1.0
1885,S,-5918.446290452384,-2540.0141077559947,-263.07818762887666,1.0
405,AG,-6293.511044776266,-2539.544461354932,-363.06811066896694,1.0
1789,Q,-6178.148665841368,-2537.557104076371,-317.0648205680234,1.0
346,AF,-6214.563125558114,-2537.4311687468894,-340.1211565276472,1.0
600,AJ,-6535.578846627729,-2537.40011919555,-459.43816201512834,1.0
1699,O,-6471.016538685449,-2537.2483697193657,-452.64959887536776,1.0
531,AI,-6453.499122659632,-2536.8717325512193,-430.56316953504825,1.0
2145,X,-5201.297425369156,-2533.1674678762733,-34.69888519990303,1.0
1833,R,-6023.185672480929,-2531.9414301416386,-299.9051841524357,1.0
1978,U,-5620.958381193593,-2531.8541525238684,-203.84215293952838,1.0
1745,P,-6306.225005626874,-2529.9992084219953,-364.4199210074203,1.0
1886,S,-5890.662473661077,-2529.819415925483,-230.7925818831319,1.0
288,AE,-6142.714897488977,-2529.392519165758,-303.1844515269877,1.0
1700,O,-6446.471975828204,-2528.2493722721183,-433.3270621812634,1.0
2088,W,-5326.038132535183,-2526.7716561185885,-18.581400279753154,1.0
530,AI,-6468.031070329565,-2525.7241568000018,-446.28714699943,1.0
2033,V,-5466.244959453279,-2525.4107662397687,-74.20726180979432,1.0
1979,U,-5599.508390523108,-2524.02780457653,-216.685812483885,1.0
678,AK,-6624.644095079238,-2523.5216206773794,-458.3100514902743,1.0
1790,Q,-6139.873411892548,-2523.509691286907,-301.93405477188935,1.0
404,AG,-6315.243346751672,-2522.8457440282414,-377.45978421483073,1.0
1701,O,-6429.2916558096995,-2521.950394494896,-407.35478551933943,1.0
1921,T,-5739.495784807624,-2521.7897655761317,-215.04755355337952,1.0
467,AH,-6398.075387775915,-2520.523563057957,-402.71596631730154,1.0
345,AF,-6237.563517965471,-2519.814446621156,-356.77673137037596,1.0
2034,V,-5442.860010129437,-2516.859250975764,-41.44478423784955,1.0
2146,X,-5153.382094575418,-2515.7286126480494,-42.342971161294145,1.0
1654,N,-6541.604449473562,-2515.67289696061,-454.79535427720765,1.0
1746,P,-6266.535389575312,-2515.445442426392,-369.24417303278267,1.0
1980,U,-5574.036526812037,-2514.734016465733,-209.55044636859236,1.0
148,AC,-5994.780493709583,-2514.1109001637656,-285.306546671334,1.0
1887,S,-5846.336196166726,-2513.5548133173197,-206.16424064782905,1.0
599,AJ,-6567.223333216092,-2513.153852457904,-458.6148009226042,1.0
287,AE,-6165.898651748467,-2511.6069429813942,-311.0391920439361,1.0
1702,O,-6400.4886595578355,-2511.390088684964,-396.5587653282108,1.0
1834,R,-5966.957336680148,-2511.2799403700155,-310.5125400754764,1.0
2147,X,-5140.023253224689,-2510.8666426590494,-54.46143058703797,1.0
1981,U,-5557.183866269015,-2508.5850727540906,-167.9021737385902,1.0
1791,Q,-6088.6643067981295,-2504.715421788337,-288.87144400256534,1.0
216,AD,-6091.775191426852,-2504.3917860679926,-297.1180548698791,1.0
2089,W,-5263.511334550971,-2504.0149358817002,-20.128824302320083,1.0
1747,P,-6232.275069871712,-2502.8825424665383,-371.94209421006445,1.0
1982,U,-5541.279037669776,-2502.7819596165305,-122.30419874528604,1.0
677,AK,-6651.756404856405,-2502.7547451033784,-464.9633381095538,1.0
466,AH,-6421.412197237209,-2502.6491685563533,-410.67537311518225,1.0
529,AI,-6499.007550628836,-2501.961845753652,-454.4506797736224,1.0
1655,N,-6502.791723868101,-2501.3471699131005,-454.79535427720765,1.0
403,AG,-6343.4418048736325,-2501.1785464271757,-388.0727656609485,1.0
2035,V,-5398.551685615244,-2500.656380139552,-28.33979289319808,1.0
344,AF,-6262.877771706366,-2500.4254655083387,-376.5049192850513,1.0
1835,R,-5931.1779951533135,-2498.132574571901,-288.03244108474996,1.0
465,AH,-6427.723178780382,-2497.815389800859,-424.58692736345876,1.0
1888,S,-5795.379926882583,-2494.8574735642405,-217.24947522948537,1.0
1748,P,-6208.154089651685,-2494.0376319677625,-358.36584112000685,1.0
147,AC,-6022.391382339685,-2492.970784206486,-300.56318781347676,1.0
2090,W,-5232.974991410318,-2492.901188811445,-38.69791071410006,1.0
286,AE,-6192.8906878908965,-2490.899817215266,-326.26048052465273,1.0
1934,T,-5651.925559097963,-2489.83846700639,-219.50568208878008,1.0
598,AJ,-6598.4036374464995,-2489.2632460731124,-458.31005128492427,1.0
1983,U,-5504.223037138193,-2489.261526990142,-87.09443966450303,1.0
1656,N,-6464.005389688126,-2487.031183906758,-451.51297925039006,1.0
1749,P,-6187.374473508913,-2486.4179646364514,-320.6122742582521,1.0
464,AH,-6442.790553433496,-2486.2748148520895,-439.6468778619946,1.0
1703,O,-6330.814564261441,-2485.844838221216,-403.84592760609155,1.0
402,AG,-6363.801079743247,-2485.534838898686,-408.6505625777713,1.0
2091,W,-5212.617429316549,-2485.492024097942,-65.00411723871471,1.0
343,AF,-6286.417964160204,-2482.395293592102,-388.98504642660475,1.0
1836,R,-5887.765780849692,-2482.1804570314534,-267.46165569350217,1.0
2036,V,-5344.397066544818,-2480.852871259378,-30.960791162128373,1.0
528,AI,-6526.63515646076,-2480.7684836640406,-453.67668563607936,1.0
1792,Q,-6022.3488252419575,-2480.376956392464,-289.15383375402513,1.0
285,AE,-6207.079625335452,-2480.0146764796145,-356.7767317397555,1.0
1984,U,-5472.346625280311,-2477.630944285239,-54.691292357054294,1.0
1750,P,-6157.506107786321,-2475.4655481446166,-289.2096681831276,1.0
215,AD,-6130.932421473072,-2474.3776256291417,-310.4984711681359,1.0
1599,M,-6557.278428526075,-2472.9256813628494,-454.7953538891566,1.0
1889,S,-5732.234888110247,-2471.687719180061,-214.5590102689174,1.0
2092,W,-5170.448193426106,-2470.1444685745564,-85.12062767306162,1.0
597,AJ,-6624.0894510975795,-2469.582563707845,-454.82012799707263,1.0
1657,N,-6413.346765037257,-2468.3331507738194,-445.215513708373,1.0
342,AF,-6306.638760162918,-2466.9075515557097,-403.75437988718807,1.0
284,AE,-6224.314210868186,-2466.79304591161,-387.5934607227347,1.0
1704,O,-6278.168536745242,-2466.5427439047894,-404.72757851167705,1.0
401,AG,-6390.251166569358,-2465.21105894774,-430.03843136755364,1.0
463,AH,-6470.621668016083,-2464.95809106028,-454.4506797736224,1.0
1837,R,-5839.453958205395,-2464.427944615823,-270.20745114112435,1.0
146,AC,-6060.187596856976,-2464.032332846007,-303.43774211244477,1.0
1600,M,-6527.5243448994615,-2461.998860502112,-454.7953538891566,1.0
527,AI,-6553.835797772272,-2459.9026495453877,-455.1672092124977,1.0
1985,U,-5422.956189965118,-2459.6101097783444,-51.724329507340116,1.0
1751,P,-6107.063982112252,-2456.9689496280803,-300.64467993482845,1.0
1658,N,-6382.0286967869015,-2456.7736921063056,-430.3848841845987,1.0
1793,Q,-5956.936842112657,-2456.3700842336693,-288.03244172417396,1.0
1705,O,-6249.460129929422,-2456.0171182844556,-413.33940057408955,1.0
1922,T,-5558.137489456283,-2455.6184956506427,-217.86140988137797,1.0
283,AE,-6240.5089386358495,-2454.369149364358,-410.2380834935877,1.0
1890,S,-5674.825885388178,-2450.6226835355847,-215.10183982977946,1.0
400,AG,-6409.258612383876,-2450.606073009378,-445.07546674158266,1.0
1838,R,-5800.922359250486,-2450.2692428446762,-280.95880248228553,1.0
341,AF,-6328.8042977836185,-2449.9302709025997,-415.63023655977497,1.0
1706,O,-6229.040403671463,-2448.530447385584,-406.6626982604414,1.0
1935,T,-5533.8131197286,-2446.743387777028,-210.0446841304554,1.0
1659,N,-6352.614678503667,-2445.917015830091,-414.507578073747,1.0
1601,M,-6479.723981652235,-2444.4447656479383,-451.51297936771084,1.0
462,AH,-6498.2649835740785,-2443.785208433138,-453.67668563607936,1.0
1707,O,-6212.697868184344,-2442.538634209464,-363.81634973057675,1.0
1986,U,-5375.028438239752,-2442.122957121792,-49.962054894086464,1.0
214,AD,-6173.889810801634,-2441.4506291633616,-305.5660758604454,1.0
526,AI,-6582.572807999809,-2437.8582542825416,-454.4568533783672,1.0
1752,P,-6053.906950474298,-2437.4768235648144,-295.51602581331275,1.0
1794,Q,-5902.321865961912,-2436.3258249453543,-285.5372046417419,1.0
1708,O,-6193.1981862022285,-2435.389287553759,-327.56095850715735,1.0
145,AC,-6098.306734482585,-2434.846637289713,-303.1953291360578,1.0
1839,R,-5754.133988851041,-2433.0765334629837,-275.0944291047964,1.0
282,AE,-6268.782480625276,-2432.678907593058,-414.84292103422115,1.0
1891,S,-5621.784053535466,-2431.160090115614,-215.10183982977946,1.0
525,AI,-6591.693229380484,-2430.861904547917,-457.47309565319836,1.0
1660,N,-6309.6976265094445,-2430.07638719703,-416.269913509097,1.0
340,AF,-6358.0562859577885,-2427.525255450569,-427.99358108410513,1.0
1987,U,-5331.6941544686215,-2426.3117995296225,-48.18787607889533,1.0
399,AG,-6440.967458446663,-2426.241555262605,-454.4506797736224,1.0
1936,T,-5476.444322826314,-2425.8115294478157,-208.09050244689442,1.0
213,AD,-6195.212333526946,-2425.1068372944487,-332.4318441916472,1.0
1709,O,-6162.413142315438,-2424.102285501129,-302.22472237599715,1.0
461,AH,-6525.481092357987,-2422.9395368768355,-455.1672092124977,1.0
1795,Q,-5858.102608713459,-2420.0969016665404,-280.25330835083514,1.0
1602,M,-6409.199308374296,-2418.5454477310936,-447.13647934678625,1.0
1840,R,-5712.963828435952,-2417.9482740863186,-245.20990720841118,1.0
1753,P,-5996.452537525228,-2416.408892839829,-296.5153651505844,1.0
144,AC,-6124.007543648756,-2415.1689625416257,-295.0448513501666,1.0
212,AD,-6209.205239821658,-2414.3812233008243,-362.6558341417178,1.0
1661,N,-6264.852170369271,-2413.523987076623,-415.7887775485268,1.0
1892,S,-5573.522710444627,-2413.451597296455,-217.86141073726992,1.0
1926,T,-5441.81033767543,-2413.174805136007,-196.31947501078113,1.0
281,AE,-6298.266460189614,-2410.06007032924,-415.63023669477167,1.0
1710,O,-6122.255881500271,-2409.379061882686,-283.67883312724126,1.0
1603,M,-6381.468733339805,-2408.361735486093,-422.7010213908715,1.0
1988,U,-5281.564254607247,-2408.021160391013,-42.65566999856571,1.0
339,AF,-6385.40637038773,-2406.5769677438134,-437.16267086800553,1.0
398,AG,-6467.020400666785,-2406.2229342184673,-456.14255956664084,1.0
1841,R,-5680.302980174757,-2405.946820145513,-222.65906963992177,1.0
1923,T,-5420.337239917503,-2405.340026224331,-157.47171703826555,1.0
211,AD,-6225.197131682316,-2402.1233795396606,-395.39848961297764,1.0
1662,N,-6233.785590630875,-2402.0573524950687,-407.6231811840984,1.0
1604,M,-6361.954624329232,-2401.1954192220383,-410.6656463333288,1.0
460,AH,-6554.234443260474,-2400.9164433547103,-454.4568533783672,1.0
143,AC,-6147.166798639927,-2397.437213934889,-296.93027041711514,1.0
1754,P,-5941.831893590134,-2396.380075495569,-294.020127758226,1.0
1663,N,-6217.112699648016,-2395.903409900537,-384.6766200555986,1.0
459,AH,-6564.385769666884,-2393.141223987056,-457.47309565319836,1.0
1796,Q,-5784.521616056426,-2393.091918794475,-282.98119485441845,1.0
1893,S,-5508.628120372064,-2389.6398815690422,-218.55869362688645,1.0
1664,N,-6198.568729106492,-2389.0588542500177,-355.27982568720375,1.0
1842,R,-5632.597190912517,-2388.41699887566,-224.61386046755578,1.0
1605,M,-6325.322876763601,-2387.7428609618555,-417.2303963647158,1.0
280,AE,-6327.501153887322,-2387.6324744287917,-427.9935812330716,1.0
338,AF,-6410.870927477433,-2387.0728645807444,-454.45067908927473,1.0
210,AD,-6245.853325641209,-2386.2903311139557,-417.2269259778511,1.0
142,AC,-6161.939958076079,-2386.126230513835,-311.20160147882916,1.0
1711,O,-6057.151253960473,-2385.509157152983,-289.1538335505883,1.0
397,AG,-6500.843209104273,-2380.2340850881915,-464.3936779158538,1.0
1665,N,-6174.541369488254,-2380.19038675144,-326.32685668044996,1.0
141,AC,-6172.257796727463,-2378.2264374850456,-335.2305459193618,1.0
1666,N,-6157.783292871912,-2374.005002249271,-320.78302717520296,1.0
279,AE,-6347.503520717228,-2372.2875214440855,-451.0233480534308,1.0
1606,M,-6279.548683655932,-2370.9328521439425,-416.7492600785707,1.0
1894,S,-5455.7618238742125,-2370.241697184791,-228.3177318626739,1.0
209,AD,-6267.84217786625,-2369.43579523975,-419.74559242299017,1.0
1843,R,-5579.033591449032,-2368.734684848668,-228.07837611095073,1.0
337,AF,-6440.880932784971,-2364.0872600253374,-466.9453279476279,1.0
140,AC,-6193.083927657602,-2362.2810317176754,-371.4507390966804,1.0
1712,O,-5991.731417639158,-2361.5236845463246,-288.03244163481537,1.0
1797,Q,-5698.220474671235,-2361.4185102036213,-276.53857375292966,1.0
1844,R,-5558.850373108783,-2361.318222074934,-252.51326503472413,1.0
1667,N,-6118.960763136536,-2359.675656510034,-288.57758605295453,1.0
396,AG,-6527.951950917386,-2359.4042062685567,-468.90044428812644,1.0
1607,M,-6232.858061941134,-2353.7862962037116,-417.05285172143726,1.0
208,AD,-6290.4973581243985,-2352.070516484421,-424.7829234653688,1.0
1845,R,-5526.0253230889575,-2349.256431065494,-269.61279138526334,1.0
278,AE,-6378.085105254948,-2348.8266489923535,-474.7796719265499,1.0
139,AC,-6211.369083234481,-2348.2811089201637,-406.1157688494233,1.0
1549,L,-6328.549838949342,-2344.640598321926,-450.6238225365686,1.0
1713,O,-5943.587767450236,-2343.8723379865546,-289.47980505800183,1.0
336,AF,-6470.085342392964,-2341.7186864898044,-476.3854999419026,1.0
1798,Q,-5644.149151640064,-2341.573777214862,-273.75528200438276,1.0
1608,M,-6196.839401113018,-2340.5588864991673,-389.0297352971237,1.0
207,AD,-6305.822921951947,-2340.323415604381,-434.85758739802543,1.0
1668,N,-6062.873562509038,-2338.9739429737037,-289.1538335505883,1.0
1550,L,-6303.508956958189,-2335.435141703997,-432.18897901355604,1.0
1609,M,-6174.47961334301,-2332.3475297485115,-360.6143626543005,1.0
138,AC,-6232.405416690914,-2332.1747628136427,-421.44833832669156,1.0
1551,L,-6290.023969809673,-2330.4778297278117,-426.2153976578096,1.0
1714,O,-5898.099186418896,-2327.194443702562,-290.37416976554795,1.0
206,AD,-6323.14747134544,-2327.0440849568013,-448.2904711016515,1.0
1846,R,-5463.75709660754,-2326.375541808852,-273.422177499815,1.0
1799,Q,-5597.985425463559,-2324.631213793382,-274.5862239971593,1.0
277,AE,-6411.743141187267,-2323.0056557403545,-478.03386969769247,1.0
1610,M,-6142.258377745465,-2320.514677703589,-342.21917687529844,1.0
335,AF,-6500.155508943115,-2318.687002551269,-478.12492295129096,1.0
1552,L,-6257.939161684422,-2318.6829053559013,-425.73356035032697,1.0
1669,N,-5998.962953520827,-2315.384619484493,-290.30568139635136,1.0
205,AD,-6339.805692705825,-2314.2754971903446,-462.562910902957,1.0
1553,L,-6241.519540094124,-2312.646771553358,-421.77877156032946,1.0
1611,M,-6117.2833226522,-2311.3428962292955,-291.53756725675504,1.0
137,AC,-6267.050974626052,-2305.6485933025674,-425.0845302006468,1.0
1715,O,-5828.843014832562,-2301.80242042896,-289.52010072994085,1.0
1501,K,-6345.552872741787,-2301.3360615820293,-472.6006974900928,1.0
1554,L,-6209.588375528043,-2300.908329182324,-406.1321000317948,1.0
276,AE,-6440.930284342472,-2300.614538564915,-479.15763561483493,1.0
204,AD,-6359.529656011733,-2299.157006979093,-476.88598776535616,1.0
1670,N,-5948.012793343634,-2296.578980964156,-290.88101111832447,1.0
1612,M,-6063.868445752667,-2291.726940365763,-290.19284878833105,1.0
1555,L,-6180.818965682598,-2290.3322019377156,-366.5709524647008,1.0
1502,K,-6311.4340531548405,-2288.8026176521307,-444.45867794304934,1.0
1800,Q,-5483.943043139704,-2282.776483785864,-271.46738659991934,1.0
203,AD,-6381.109745821714,-2282.6157889951587,-479.82514924427073,1.0
1503,K,-6292.723202788655,-2281.9292440482254,-425.74294013365045,1.0
136,AC,-6300.156730279742,-2280.3013644339753,-431.62967594334606,1.0
1671,N,-5902.841582964039,-2279.906345373404,-291.38785247110104,1.0
1556,L,-6152.085175759188,-2279.769169185831,-352.1039573321013,1.0
275,AE,-6468.783207459729,-2279.2469774479996,-475.3527876258329,1.0
1613,M,-6025.128846555886,-2277.5002995472446,-290.3056815817104,1.0
1716,O,-5759.294629075347,-2276.3032600026977,-293.50369217210203,1.0
1504,K,-6276.572582601937,-2275.996363163309,-429.9898674975495,1.0
1557,L,-6118.671866579034,-2267.485865098218,-306.3601415676135,1.0
1505,K,-6249.668657074486,-2266.1132884797557,-446.6496132249886,1.0
135,AC,-6319.98168813807,-2265.1225009939794,-459.2647340006158,1.0
1672,N,-5861.3464752211075,-2264.5905545326655,-292.53629932879744,1.0
1558,L,-6105.495642251448,-2262.642059617303,-305.2982290602563,1.0
1614,M,-5977.17380921409,-2259.889402536285,-308.8468226572068,1.0
1673,N,-5838.047640302802,-2255.990984562819,-308.2483797301286,1.0
1717,O,-5703.026608880361,-2255.6732014010677,-322.45847217430656,1.0
1506,K,-6213.729929180725,-2252.9113068044962,-448.4314898238152,1.0
1559,L,-6075.377589820202,-2251.5701482856534,-313.8391032003435,1.0
1674,N,-5821.834361555563,-2250.006684252679,-328.3010156591118,1.0
1615,M,-5940.082548511935,-2246.2680937345303,-320.50561458470054,1.0
1507,K,-6190.759586524341,-2244.4732217470496,-435.96423555772634,1.0
1508,K,-6188.27971780657,-2243.5622495650114,-376.00828128697356,1.0
134,AC,-6348.27483886867,-2243.460015035827,-474.15513535694356,1.0
1718,O,-5667.490541447675,-2242.644288155723,-341.231481738965,1.0
1675,N,-5788.806226328177,-2237.816042065747,-336.5701257609659,1.0
1616,M,-5912.094766043242,-2235.98992522622,-295.6188679605695,1.0
1560,L,-6031.4414813513595,-2235.4184831560688,-328.9482152029583,1.0
1509,K,-6163.419235368076,-2234.429827444748,-354.6285639522587,1.0
1617,M,-5891.990892222379,-2228.607025097145,-276.82356841330073,1.0
1676,N,-5752.185631594294,-2224.299427700451,-342.76102496390354,1.0
1510,K,-6135.82644481676,-2224.293700303448,-342.5542831394883,1.0
1618,M,-5875.820305874523,-2222.6685763634036,-273.2511836812299,1.0
133,AC,-6379.023174620523,-2219.9177309755128,-474.30921782192445,1.0
1561,L,-5984.529089851419,-2218.172685466172,-328.83046245299766,1.0
1511,K,-6112.737245159957,-2215.8119534907446,-333.98594571856654,1.0
1619,M,-5849.651829516992,-2213.0585256239674,-303.2728598300219,1.0
1456,J,-6234.796449773529,-2209.4633495734843,-475.513895694348,1.0
1677,N,-5709.556224792893,-2208.564968537702,-348.5031656331293,1.0
1620,M,-5837.164498685906,-2208.4727071281836,-329.26149856181405,1.0
1512,K,-6071.6695436841,-2200.725859071042,-332.00962403481566,1.0
1562,L,-5936.362242583959,-2200.4657283749775,-330.16166045938263,1.0
1457,J,-6208.8770766606995,-2199.915498865595,-461.2266498396125,1.0
1621,M,-5813.132477513621,-2199.6472432501387,-345.2144715806662,1.0
132,AC,-6406.7570933750585,-2198.683417720506,-475.3527875481384,1.0
1678,N,-5675.964953952414,-2196.1664737210444,-366.0293498490876,1.0
1679,N,-5667.406198170193,-2193.007447981684,-379.7140648393126,1.0
1458,J,-6185.996754362638,-2191.487135243554,-449.4448669273493,1.0
1459,J,-6182.489077109738,-2190.195021479986,-424.8467669101947,1.0
1563,L,-5908.274263942364,-2190.1401068987907,-296.53774337036634,1.0
1460,J,-6179.616625795523,-2189.1369042101574,-376.1080232566974,1.0
1622,M,-5775.036083874907,-2185.656811753266,-344.12194991493766,1.0
1513,K,-6028.494143766772,-2184.8655080810036,-334.16570382407457,1.0
1461,J,-6161.563610137133,-2182.4867627278322,-351.9941349144665,1.0
1564,L,-5879.57342360287,-2179.589186977653,-274.3077145914985,1.0
1565,L,-5866.367615258308,-2174.7345059059758,-284.0107933494162,1.0
1623,M,-5741.19450787978,-2173.2289096479894,-342.5168286494406,1.0
1566,L,-5848.21529003404,-2168.06140060459,-312.1417642763134,1.0
1514,K,-5979.426660110545,-2166.840718166471,-334.8496538052624,1.0
1462,J,-6116.77141333951,-2165.986780029932,-331.945674279634,1.0
1624,M,-5706.974192750074,-2160.6619202588145,-353.23885612786495,1.0
1567,L,-5827.587647825121,-2160.478326432065,-336.7563636766953,1.0
1417,I,-6231.512856521358,-2153.7607092441626,-473.2212087969232,1.0
1515,K,-5937.647229992118,-2151.4931724086814,-333.3322266596126,1.0
1625,M,-5678.484446022489,-2150.1994115569287,-368.5103564793707,1.0
1568,L,-5787.982574864416,-2145.91882405038,-341.1518278706352,1.0
1463,J,-6051.201148153463,-2141.832835405276,-336.36308898477955,1.0
1516,K,-5910.4144620202205,-2141.4892984598214,-295.35872793169494,1.0
1418,I,-6195.957702971946,-2140.681323409917,-445.94433132955965,1.0
1419,I,-6190.268878259645,-2138.5886216233203,-371.69060897892535,1.0
1569,L,-5751.485553917262,-2132.501894761253,-341.67715976517275,1.0
1517,K,-5884.656367111677,-2132.0271411464787,-275.66296285293157,1.0
1420,I,-6170.357991967142,-2131.2641654440063,-353.506024000683,1.0
1518,K,-5870.375707091124,-2126.7811844042353,-281.95825434360364,1.0
1464,J,-5998.843224452447,-2122.54588596031,-334.7225715698618,1.0
1519,K,-5848.788007132461,-2118.8510089092156,-309.2685980436363,1.0
1570,L,-5713.187212784628,-2118.4227693550606,-352.2262739163103,1.0
1421,I,-6117.736364280829,-2111.9066742499704,-332.2906750018581,1.0
1520,K,-5825.363691336941,-2110.246158208821,-336.92133072516714,1.0
1571,L,-5690.842157552736,-2110.2083447738864,-375.74257565899745,1.0
1374,H,-6241.586349438532,-2106.3264581825306,-486.75319924840977,1.0
1465,J,-5940.518853098254,-2101.061092022694,-335.5428300636339,1.0
1375,H,-6225.404847096273,-2100.374641229056,-452.2704416382538,1.0
1521,K,-5787.1729817521655,-2096.216917953189,-338.7439206653556,1.0
1422,I,-6063.798823695537,-2092.065108855381,-338.0378009853017,1.0
1376,H,-6201.132593783436,-2091.44691587261,-400.5463056503935,1.0
1466,J,-5913.181129840468,-2090.990767434877,-303.5553403997673,1.0
1377,H,-6179.79078220803,-2083.5970541437255,-364.31158912418084,1.0
1522,K,-5751.904098162885,-2083.261001532637,-340.7010676815352,1.0
1467,J,-5882.207907828131,-2079.581243816047,-273.5765265365584,1.0
1468,J,-5865.330342441339,-2073.3640998317287,-286.4233517027586,1.0
1523,K,-5719.52254822489,-2071.3657382901083,-350.76277351336705,1.0
1279,F,-6430.565056010797,-2070.610421801926,-478.935614218834,1.0
1423,I,-6002.537666363592,-2069.5294639935637,-344.4137315115618,1.0
1378,H,-6136.921146543432,-2067.82891229008,-338.83929521571565,1.0
1469,J,-5830.210373765697,-2060.4270501461097,-336.0022797147119,1.0
1524,K,-5688.490229272733,-2059.9661109199283,-362.9805586885872,1.0
1280,F,-6394.785078909489,-2057.572786310216,-483.7026894377156,1.0
1325,G,-6239.863288404268,-2055.0618229938887,-487.1006449747489,1.0
1379,H,-6098.994753904145,-2053.8789747675837,-338.0258494838028,1.0
1326,G,-6223.69405314301,-2049.1058679840894,-457.71712230220055,1.0
1424,I,-5938.538389653772,-2045.9865693738825,-338.35220304302317,1.0
1470,J,-5784.113031983598,-2043.4462946529077,-339.22079834074765,1.0
1281,F,-6355.384916046866,-2043.2160146369868,-497.9980552029781,1.0
1525,K,-5636.544825854831,-2040.8841259909027,-352.2001597422926,1.0
1327,G,-6196.371172876298,-2039.0414559709527,-402.7020171861911,1.0
1380,H,-6058.540998249049,-2038.9994324576633,-340.89941268921143,1.0
1425,I,-5902.983235703265,-2032.9071833920884,-301.98303308653846,1.0
1328,G,-6179.183794413556,-2032.7104668297561,-369.84114393127646,1.0
1471,J,-5739.54734817062,-2027.0297519422083,-324.63323922494413,1.0
1426,I,-5885.916761967459,-2026.6290781798464,-264.0984806923889,1.0
1427,I,-5877.383525099556,-2023.4900255737257,-264.0984806923889,1.0
1282,F,-6300.996775392434,-2023.3978702341385,-484.21722928952084,1.0
1329,G,-6151.258059375775,-2022.4239926203607,-353.54399571377706,1.0
1472,J,-5721.916912683363,-2020.5352751963921,-286.444646444943,1.0
1381,H,-6007.371543373764,-2020.178483538018,-344.68152805560703,1.0
1428,I,-5858.894844884853,-2016.6887448041737,-277.73691963975745,1.0
1473,J,-5706.783526312907,-2014.9606298089082,-254.94672387403278,1.0
1330,G,-6124.3766200483515,-2012.5221858468285,-341.9528316645407,1.0
1382,H,-5979.4439244014,-2009.9062558700223,-340.396440169918,1.0
1429,I,-5838.983958993445,-2009.3642887724072,-286.8292121288786,1.0
1474,J,-5686.874155520734,-2007.6266677109752,-235.5630086159718,1.0
1430,I,-5823.339691335441,-2003.6093589699276,-292.8907405974173,1.0
1283,F,-6244.433726334691,-2002.787224961043,-477.0136739672941,1.0
1431,I,-5807.695423677436,-1997.854429167448,-279.2523016500487,1.0
1331,G,-6081.219803882433,-1996.625326700606,-341.10003380294734,1.0
1475,J,-5656.413960386323,-1996.4061264420748,-229.49449472665722,1.0
1383,H,-5934.997405569324,-1993.558111012247,-334.9077521043861,1.0
1432,I,-5794.895568175035,-1993.1458501844927,-248.9446597347291,1.0
1284,F,-6214.943589388652,-1992.0415038272813,-465.1792617141846,1.0
1433,I,-5779.25130051703,-1987.3909203820128,-232.27545676677798,1.0
1476,J,-5619.1058187231865,-1982.6630252784091,-225.20231885053872,1.0
1332,G,-6040.660998633354,-1981.6854476394424,-339.68289044252356,1.0
1384,H,-5896.791525271479,-1979.5053734314308,-319.19576247790354,1.0
1434,I,-5756.496002068924,-1979.0201133831745,-223.1831642776568,1.0
1285,F,-6177.33518105578,-1978.3376180511934,-469.80896592933453,1.0
1286,F,-6166.9994808793535,-1974.5714588088247,-459.2696647262212,1.0
1287,F,-6150.945810455416,-1968.7217652022937,-435.05045945557634,1.0
1477,J,-5577.2549136521375,-1967.2465184104,-224.90922521095538,1.0
1333,G,-5994.453406265769,-1964.6648318338296,-357.63864038697096,1.0
1435,I,-5713.829817328315,-1963.324850205022,-226.2139287256129,1.0
1288,F,-6131.374651644032,-1961.5903566491047,-376.2685709904451,1.0
1385,H,-5845.180072777456,-1960.5218506750086,-294.9135962252958,1.0
1289,F,-6112.15360967087,-1954.586524916418,-357.7095288193339,1.0
1478,J,-5536.998512766844,-1952.4173748189808,-203.5364993190514,1.0
1386,H,-5813.006699747287,-1948.6879663420725,-279.91578755695014,1.0
1436,I,-5669.741426509904,-1947.1064116171067,-227.72931073590416,1.0
1334,G,-5939.141561025999,-1944.2906547973716,-345.99387600106417,1.0
1479,J,-5510.219024501241,-1942.5526857742025,-184.71568332770659,1.0
1387,H,-5790.217227134113,-1940.3056315878018,-287.0576014120545,1.0
1290,F,-6056.307487269916,-1934.237115931961,-348.43006478387946,1.0
1388,H,-5761.395247253264,-1929.7044435856503,-292.77105206876445,1.0
1437,I,-5621.386417458089,-1929.3184467999056,-233.79083920444282,1.0
1480,J,-5472.680622227914,-1928.7247641204567,-179.95326790033693,1.0
1240,E,-6154.597363411626,-1924.9424928319404,-441.4777396040502,1.0
1389,H,-5741.286889159546,-1922.308265896007,-286.3434200265441,1.0
1335,G,-5879.237411343752,-1922.2248975340967,-332.8009538994682,1.0
1390,H,-5736.5949391516,-1920.5824911804402,-252.06271480416376,1.0
1438,I,-5594.36450077658,-1919.3781135717807,-227.72931073590416,1.0
1241,E,-6139.522755192891,-1919.3622783381875,-388.24382404584674,1.0
1391,H,-5723.859645585284,-1915.898245270991,-237.06490613581812,1.0
1336,G,-5859.796449218735,-1915.0637984534724,-310.4621069190639,1.0
1291,F,-5998.327488212447,-1913.1101573712942,-372.56028968415194,1.0
1242,E,-6118.851387923241,-1911.7102941824453,-364.9293764040923,1.0
1439,I,-5568.764789771776,-1909.96095560587,-212.57548977824436,1.0
1392,H,-5705.091844751294,-1908.9951461136611,-232.77981825012904,1.0
1337,G,-5841.402825434915,-1908.2884875650175,-295.18385828738667,1.0
1338,G,-5821.623521317009,-1901.0027598513739,-279.570162869334,1.0
1393,H,-5674.929307610717,-1897.9008795791963,-234.20818102114993,1.0
1243,E,-6069.692242812559,-1893.5129009191032,-351.6003349701022,1.0
1339,G,-5794.518549482584,-1891.018614641087,-279.570162869334,1.0
1292,F,-5932.695809640318,-1889.195052576518,-373.32311027481296,1.0
1394,H,-5640.745098690955,-1885.3273774477896,-236.35072475030768,1.0
1340,G,-5767.413577247126,-1881.0344692830793,-274.8860542439182,1.0
1244,E,-6022.97068257943,-1876.2178360125654,-370.9751548749646,1.0
1293,F,-5894.320307663028,-1875.211650486163,-347.2057288312805,1.0
1395,H,-5611.923118810107,-1874.7261894456385,-199.9274757987696,1.0
1341,G,-5749.099406752731,-1874.2884250983086,-256.9303047268444,1.0
1197,D,-6130.871348609305,-1867.576461126428,-380.9328189830759,1.0
1342,G,-5730.052669647096,-1867.272539222962,-253.8075656432339,1.0
1396,H,-5587.793089338305,-1865.850776306585,-184.92966713042395,1.0
1198,D,-6121.887034317901,-1864.2758576002761,-367.7731320134507,1.0
1397,H,-5571.706402622671,-1859.9338340663514,-174.21694677514094,1.0
1199,D,-6107.20575187121,-1858.8823360648205,-362.796560124447,1.0
1245,E,-5974.905316007692,-1858.4253301444655,-421.7070811829605,1.0
1294,F,-5845.108823589626,-1857.2797946457183,-324.96565794860203,1.0
1343,G,-5695.622029294087,-1854.5899762205902,-256.9303047268444,1.0
1200,D,-6086.697300664505,-1851.3480642024103,-356.576907713853,1.0
1344,G,-5676.575292188452,-1847.5740903452431,-248.34277203322864,1.0
1295,F,-5816.669089334007,-1846.9168229854517,-291.0675411876131,1.0
1398,H,-5532.751230672777,-1845.6054949583445,-144.17081687572272,1.0
1246,E,-5938.880784949699,-1845.0900177155413,-416.9143273615839,1.0
1201,D,-6065.356905619486,-1843.50815779993,-353.4413431498212,1.0
1202,D,-6053.9473610099185,-1839.3165876980063,-356.7563764007988,1.0
1345,G,-5648.005186730517,-1837.0502616060833,-246.00071793420753,1.0
1203,D,-6039.266078162067,-1833.9230660151752,-368.8423377405722,1.0
1296,F,-5780.777557209316,-1833.8385386770024,-280.54599059202974,1.0
1247,E,-5905.0372772133005,-1832.562061456262,-359.0942426663428,1.0
1204,D,-6028.5887817277935,-1830.0005048582866,-383.7720555444512,1.0
1399,H,-5489.932412988071,-1829.856044775464,-111.36898741446376,1.0
1346,G,-5623.0979147298085,-1827.875641467525,-235.8518156987865,1.0
1205,D,-6020.5197284132255,-1827.0361444230944,-401.8007906353307,1.0
1297,F,-5754.704895882456,-1824.3380894811878,-285.2299856791411,1.0
1248,E,-5875.987028805423,-1821.8084408738519,-340.81700951172144,1.0
1347,G,-5604.051177624175,-1820.859755592178,-210.86990302990222,1.0
1171,C,-6126.585611774034,-1818.8215983560729,-373.45256288034074,1.0
1206,D,-5997.830473139379,-1818.7007018357526,-413.1758139275116,1.0
1298,F,-5737.084185379977,-1817.9173922295993,-275.4182311843515,1.0
1400,H,-5447.704861312143,-1814.3240717452381,-82.80173327616689,1.0
1299,F,-5726.715147342379,-1814.1390852186394,-259.5207532409132,1.0
1348,G,-5582.074173271519,-1812.7645026590856,-199.15963125267595,1.0
1249,E,-5840.911406212183,-1808.8243888353422,-337.82902857572856,1.0
1172,C,-6098.136515061308,-1808.3940409952334,-366.86546195148367,1.0
1349,G,-5568.854751563732,-1807.8951146098077,-177.88643596089983,1.0
1300,F,-5708.894386438356,-1807.6454928892283,-247.1540509623096,1.0
1207,D,-5964.290135289448,-1806.378853580539,-409.72773287788823,1.0
1301,F,-5690.790230887485,-1801.0486362090478,-242.16829598102998,1.0
1350,G,-5548.32627128649,-1800.3334270608766,-152.30084446794115,1.0
1173,C,-6075.065310143952,-1799.9376630972383,-371.8137622249982,1.0
1250,E,-5815.493402866904,-1799.4153276769034,-339.9885591216243,1.0
1208,D,-5938.416716417566,-1796.873632058641,-411.22681571549344,1.0
1209,D,-5924.04763685732,-1791.5948057480466,-395.1977174745581,1.0
1174,C,-6051.922552698557,-1791.4550587746235,-378.8032789491124,1.0
1251,E,-5792.442992406586,-1790.8826857222186,-324.8583646562714,1.0
1351,G,-5521.271127695324,-1790.367636137003,-131.24005597046002,1.0
1210,D,-5904.767506389774,-1784.5117869953806,-369.44145948041694,1.0
1252,E,-5769.652555067288,-1782.4462788243159,-327.7276913076174,1.0
1302,F,-5633.860489406619,-1780.304374244787,-239.96813301509258,1.0
1211,D,-5888.1452660933055,-1778.405208000524,-345.7935822554723,1.0
1352,G,-5488.305621366857,-1778.2247568112248,-117.18773009421261,1.0
1253,E,-5756.029533312796,-1777.4034025956225,-327.0359564360253,1.0
1303,F,-5618.1735582824585,-1774.5883144105037,-224.24793381423137,1.0
1304,F,-5614.92281884579,-1773.403798396594,-197.15472448967836,1.0
1254,E,-5742.406511558305,-1772.3605263669292,-315.9681959263097,1.0
1212,D,-5868.3864773792375,-1771.146342650661,-339.9618452827474,1.0
1255,E,-5732.027066545624,-1768.5183350040463,-274.46409508331,1.0
1353,G,-5459.714987875795,-1767.6933665492243,-100.18200976912783,1.0
1256,E,-5715.987219479344,-1762.5808150514151,-257.5300765018681,1.0
1305,F,-5575.930520375423,-1759.1956458032828,-179.3586161417484,1.0
1213,D,-5830.933485814601,-1757.3870871289043,-339.9885591216243,1.0
1257,E,-5683.119776457949,-1750.4141716959589,-254.2443820181495,1.0
1214,D,-5803.965470991143,-1747.479739508085,-352.1436801871284,1.0
1306,F,-5534.253220909786,-1744.0091229842972,-141.53381900724295,1.0
1258,E,-5656.6639182691915,-1740.6209245901339,-253.80283333584617,1.0
1215,D,-5775.960224766604,-1737.1913400330222,-368.71884515989575,1.0
1175,C,-5897.729011992345,-1734.937904412187,-372.6167556818473,1.0
1216,D,-5760.401754552714,-1731.4755625141263,-381.9789773090591,1.0
1176,C,-5879.643840878346,-1728.3090767528727,-341.7500570154552,1.0
1177,C,-5852.25457154675,-1718.2699820177859,-341.7767704269585,1.0
1178,C,-5824.7195752731095,-1708.1774734234632,-340.2222696329483,1.0
