,PROFILE,X,Y,Z
13,AB,-6432.657154070834,-3187.30897877553,-551.6128350452757
20,AB,-6403.822331365365,-3176.830610167382,-592.2019487119521
19,AB,-6332.440756126748,-3150.891055594063,-566.4260676539209
18,AB,-6306.953802325896,-3141.6292786325034,-530.4211016130321
17,AB,-6247.0532140977175,-3119.861832731728,-523.9708347894211
6,AB,-6218.4943099171805,-3109.4837309446934,-489.5438744032759
575,Z,-6470.969747697165,-3095.5575560547163,-484.3688434608482
16,AB,-6178.609135922943,-3094.989743609288,-463.72169693962053
576,Z,-6447.644631318841,-3087.0481331818614,-508.9340402916631
589,Z,-6431.116460981231,-3081.0183587346055,-551.3331114303508
5,AB,-6135.559470151816,-3079.3458025656723,-445.8113327582837
584,Z,-6411.9170244912375,-3074.0140582473546,-574.436017280202
588,Z,-6383.453286835214,-3063.6299737125314,-555.5663240154854
4,AB,-6080.7432106235,-3059.4259653977933,-447.81331744510385
587,Z,-6369.75708078465,-3058.6333508812595,-542.237723843217
586,Z,-6363.079015387041,-3056.197072257002,-496.03191121400295
585,Z,-6357.2357088190465,-3054.065328699701,-471.15185811680897
547,Y,-6482.237851933756,-3049.114533020723,-466.5973765644904
583,Z,-6340.54054707146,-3047.974632776188,-446.271805019615
571,Z,-6319.729323921407,-3040.38232346408,-431.8558240208042
3,AB,-6007.355590896311,-3032.7574285862165,-446.8703962429487
548,Y,-6433.856494247512,-3031.50606661845,-466.28252122762296
567,Z,-6279.237094680827,-3025.6100283945098,-426.56389488908405
560,Y,-6407.303818380715,-3021.842181121002,-443.8157387523115
582,Z,-6236.730110939659,-3010.1027145686594,-424.2076841982511
559,Y,-6369.307063972564,-3008.0132063797337,-424.9460454875949
1,AB,-5935.738230672676,-3006.7321914335207,-444.42835289101254
516,X,-6498.22556987561,-3005.186376622123,-466.5973765644904
543,Y,-6337.635149690264,-2996.486166519625,-422.0815174137098
10,AB,-5898.907769049199,-2993.348264754275,-417.0867260711928
518,X,-6462.509796409775,-2992.1875682550085,-456.84767413050884
566,Z,-6179.146594639809,-2989.095209922007,-426.3967659076628
538,Y,-6296.296628012334,-2981.44095065764,-420.3438818471635
0,AB,-5856.066227903592,-2977.77995471297,-359.0127577611662
517,X,-6411.892509126662,-2973.7653319821247,-428.9895512535707
558,Y,-6264.632665714387,-2969.9168049339505,-408.2133645492361
565,Z,-6113.286206653816,-2965.068153299734,-409.0983293439648
491,W,-6509.827171597093,-2957.6134207685036,-447.93525719167815
537,Y,-6224.722469438609,-2955.3914302061976,-380.32267158442954
512,X,-6352.356307987232,-2952.0970438724535,-432.8641991464748
14,AB,-5776.097476801264,-2948.7198817677486,-333.36493120581997
564,Z,-6049.420066539089,-2941.7686342457478,-393.00606519441124
493,W,-6454.069318613554,-2937.3202680361933,-448.8496233690943
536,Y,-6172.76019536616,-2936.4796840099852,-372.8972557640024
507,X,-6289.486292435836,-2929.215409096382,-435.1700693459043
15,AB,-5703.7393018211405,-2922.4254378240785,-326.3170484293547
492,W,-6410.96773701462,-2921.63338391873,-440.9866278604484
533,Y,-6113.515063581939,-2914.917331020928,-363.38700389411014
562,Z,-5973.091531538664,-2913.92260891197,-388.8807605450852
465,V,-6524.855818954604,-2912.5284288996986,-447.93525719167815
506,X,-6235.643953168221,-2909.619410402796,-396.49669464833283
487,W,-6350.625522252037,-2899.671745963544,-435.74463209403325
12,AB,-5631.391093646299,-2896.1346157462567,-322.5103241699656
467,V,-6469.1290702304095,-2892.1500164546296,-448.8496233690943
572,Z,-5913.388852794591,-2892.141995609323,-394.8763699573461
505,X,-6184.948237867197,-2891.1686301372592,-368.85374906851496
539,Y,-6043.93722954228,-2889.594375824518,-373.32540183858606
482,W,-6303.277355655815,-2882.439310980517,-423.7232050707205
466,V,-6426.051532648606,-2876.397225415182,-440.9866278604484
2,AB,-5565.834582143608,-2872.3118477269754,-310.78368203088536
502,X,-6129.502781523792,-2870.989174622328,-363.38700389411014
530,Y,-5987.684358545086,-2869.121060556908,-380.6532440336191
561,Z,-5848.414884032411,-2868.438320696951,-390.01079108372096
481,W,-6246.254889970836,-2861.6859005925694,-419.35408765917816
11,AB,-5529.552635593581,-2859.1272475074566,-288.6666552453092
461,V,-6365.742979510295,-2854.3433177684174,-435.74463209403325
580,Z,-5804.236799489494,-2852.321359178261,-369.39827743652967
23,AB,-5504.780908044735,-2850.125378657117,-271.57046055368573
480,W,-6212.272881434438,-2849.3180985255963,-373.92485226087814
544,Y,-5932.603848845618,-2849.074427910655,-380.06683930719555
508,X,-6049.792479059653,-2841.9784926163156,-374.67323740374854
456,V,-6318.421225868922,-2837.0384823813642,-423.7232050707205
7,AB,-5462.417502853657,-2834.7308198064306,-255.8914127358075
581,Z,-5752.267981532598,-2833.3621976879203,-316.2174856801129
477,W,-6147.367088011844,-2825.695539394323,-363.38700389411014
441,U,-6424.428961555494,-2825.0123372505086,-453.74467772377795
529,Y,-5859.880362127439,-2822.606607787921,-396.5928042928938
499,X,-5992.273049291033,-2821.044211418031,-379.30540846845656
8,AB,-5421.405372015215,-2819.8273044035327,-261.3143680137412
455,V,-6261.43056990161,-2816.197878552763,-419.35408765917816
9,AB,-5396.91536330929,-2810.927810168433,-279.32237325237236
437,U,-6377.088451703189,-2807.739448520613,-438.93414472125136
574,Z,-5676.9534602320855,-2805.8861028287215,-302.5190216721171
513,X,-5947.325008016045,-2804.6853055813804,-374.6754989055688
454,V,-6227.46751807086,-2803.7781143650886,-373.92485226087814
556,Y,-5804.8660083259165,-2802.5840526781813,-395.72633120273275
483,W,-6082.197824838784,-2801.9770900592403,-366.93611729091384
22,AB,-5364.66463250618,-2799.208124956946,-253.2343444887249
557,Y,-5779.16939798906,-2793.231733491457,-357.35507009646653
432,U,-6332.750506666115,-2791.562090196275,-431.16540123241776
21,AB,-5337.21488035746,-2789.233081095759,-243.26156518404318
498,X,-5896.133015171332,-2786.0539043727326,-387.15795719577966
531,Y,-5752.724929028853,-2783.607230057066,-318.771955626705
563,Z,-5614.431085900593,-2783.076813752847,-280.8703544438916
473,W,-6024.678328687167,-2781.0427847007663,-356.0940499889758
451,V,-6162.597932043701,-2780.0563073430253,-363.38700389411014
414,T,-6441.481110897622,-2777.919546717077,-455.798251539149
546,Y,-5722.389183952185,-2772.566490947707,-282.7729820445985
573,Z,-5584.183823366619,-2772.042067195826,-228.4496299326377
431,U,-6277.742340714794,-2771.491543159983,-419.3540876694722
420,T,-6416.05594278332,-2768.6427961888858,-453.1790884692573
527,X,-5846.18489558205,-2767.8752126677946,-382.2479783396428
535,Y,-5704.5167471143295,-2766.061791232023,-246.49961941487553
488,W,-5982.638461030744,-2765.74231293673,-332.8950530847965
430,U,-6243.770324701896,-2759.0963481282497,-373.9248523210898
528,X,-5820.488285245192,-2758.52289348107,-338.4853759022383
415,T,-6388.032912974787,-2758.418177204691,-446.0847348086615
568,Z,-5543.4806711660185,-2757.192823628709,-202.41244173738323
457,V,-6097.465023241452,-2756.2382072437626,-366.93611729091384
532,Y,-5676.858410013641,-2755.99549869971,-195.3041808656211
500,X,-5806.709400505395,-2753.508048081837,-293.1630854656876
569,Z,-5526.138066998971,-2750.865929040904,-133.25478563104036
545,Y,-5655.8803686609945,-2748.3605096458873,-159.3384884477877
472,W,-5932.9005213670835,-2747.640116525346,-316.8159526790897
413,T,-6356.478806562844,-2746.9051924327664,-432.94902266517374
515,X,-5759.908395767503,-2736.4747534631933,-266.5989580511836
396,S,-6453.001083975514,-2736.1578351432217,-449.6868712555422
427,U,-6178.8836167869185,-2735.421468213325,-363.3870040240074
540,Y,-5619.804689291745,-2735.2307129950336,-121.78277620696909
447,V,-6039.977614073639,-2735.215948431963,-356.0940499889758
412,T,-6313.821870800809,-2731.341175330402,-391.12930836710575
476,W,-5880.333026517157,-2728.508099335598,-302.26746421891585
570,Z,-5462.671745030853,-2727.7122708532283,-95.2614360722813
397,S,-6425.816290589238,-2726.182942451879,-438.227247048771
579,Z,-5443.103127214628,-2720.5732863639473,-36.143714973441774
504,X,-5715.438229970482,-2720.289771110725,-243.80394828455056
541,Y,-5577.716810132253,-2719.9127673737285,-97.05371205107801
462,V,-5997.961198162154,-2719.8511932199635,-332.8950530847965
398,S,-6404.055518634114,-2718.198281246299,-417.5787557432186
433,U,-6115.731049597518,-2712.3793153198953,-360.5570923436172
395,S,-6387.061874382251,-2711.9628180798672,-403.2256009687308
411,T,-6255.219721321296,-2709.9593099797685,-361.78471538980153
542,Y,-5546.704596105472,-2708.6258263934437,-57.41485826051405
474,W,-5824.573329658513,-2708.2142755222267,-293.1630854656876
501,X,-5681.4471007595885,-2707.918649560833,-206.08686259838606
446,V,-5948.25100457715,-2701.6729421862797,-316.8159526790897
377,R,-6475.156762481067,-2698.02132420419,-454.79535413180326
578,Z,-5377.403398068528,-2696.6048409822242,-24.82229851871469
394,S,-6345.105829889308,-2696.5679230139526,-392.7885221538676
490,W,-5790.298543278177,-2695.73991652765,-254.60188144430595
551,Y,-5507.970409571909,-2694.528462143794,-36.45250896490424
514,X,-5635.137890092662,-2691.0643441187967,-193.03437014075678
423,U,-6056.230933894884,-2690.6698136446103,-356.0940502452876
408,T,-6196.083087366581,-2688.3824300233186,-347.0407441380205
393,S,-6316.410800536496,-2686.038880747488,-376.2873839829764
378,R,-6439.585343792733,-2684.9503610870324,-436.950124155779
577,Z,-5342.548559462515,-2683.8891676259577,-32.278360337915245
509,X,-5612.994353715247,-2683.0051714337756,-150.0873174983115
450,V,-5895.712834260099,-2682.460543682124,-302.26746421891585
379,R,-6423.822044658671,-2679.1580281078136,-404.8075446267569
479,W,-5733.302052561419,-2674.995959767652,-243.80394828455056
552,Y,-5445.177828040378,-2671.675009593323,-31.207205066562125
376,R,-6402.036292726466,-2671.15270331376,-403.2255997970494
510,X,-5578.505825437386,-2670.453020760724,-109.18422934900548
438,U,-5999.221932917902,-2669.8692322070624,-345.6531036193396
416,T,-6144.6348706281215,-2669.6107833755023,-318.8109283104649
392,S,-6270.141906570755,-2669.0614755600586,-361.78471695613086
448,V,-5839.9842426893965,-2662.081457336512,-293.1630854656876
475,W,-5696.805629018306,-2661.713032654907,-207.41987152337765
550,Y,-5393.376257597232,-2652.821751719735,-24.82229851871469
356,Q,-6491.818751753951,-2652.6772593185156,-454.79535413180326
375,R,-6349.298637765349,-2651.773888290332,-396.61988211685446
422,U,-5947.50108701011,-2650.998112754219,-334.88985605935693
511,X,-5524.695558765714,-2650.868694935679,-96.50208128462145
389,S,-6218.02477588469,-2649.938181938242,-344.06663433407425
464,V,-5805.728576339468,-2649.554688532639,-254.60188144430595
402,T,-6079.585900933902,-2645.8766998384226,-310.2265817410525
489,W,-5653.001618349866,-2645.770498442823,-193.03437014075678
374,R,-6331.39727471153,-2645.1959089785296,-376.2873834097991
549,Y,-5352.326583191009,-2637.881662247799,-27.341850431035596
357,Q,-6450.469853908525,-2637.5017875319463,-445.73414434779625
426,U,-5905.9354772257575,-2635.832282157226,-306.52014828455873
521,X,-5480.89513801991,-2634.927467281227,-71.49622622303582
358,Q,-6437.178133946863,-2632.623589277976,-428.5243995030381
453,V,-5748.763880850363,-2628.7235780504875,-243.80394828455056
373,R,-6285.136275353318,-2628.1969857229797,-361.78471538980153
355,Q,-6418.687708514815,-2625.8374125214714,-403.2255997970494
522,X,-5453.56619422714,-2624.981057928572,-51.42473389644124
424,U,-5873.163801544739,-2623.8750491384762,-268.7101566126641
421,T,-6019.091688749174,-2623.804487284535,-307.9955701592225
399,S,-6146.516560256247,-2623.6997343139474,-317.06482214362075
484,W,-5592.11403232297,-2623.6103718125837,-190.4133713280376
449,V,-5712.287816667632,-2615.3848440079287,-207.41987152337765
485,W,-5567.4449967251485,-2614.6320399658894,-147.70192757807314
534,Y,-5279.472216278692,-2611.366208085604,-25.320576246542316
354,Q,-6375.013240007311,-2609.808432326965,-397.4982843149736
369,R,-6233.028039194753,-2609.0494549793693,-344.0666339682456
520,X,-5409.363975539086,-2608.893595321135,-27.517969649039657
440,U,-5822.918832904741,-2605.542425445504,-249.28602787589668
335,P,-6509.487969478964,-2604.5336057221107,-454.79535380214907
486,W,-5537.5486494446895,-2603.7512203317538,-103.16712405055605
401,T,-5963.21278705242,-2603.4162393681518,-305.0214599894476
553,Y,-5254.970425655825,-2602.4487452939193,-41.43806176493777
383,S,-6080.6643038327375,-2599.536622901857,-305.765417046503
463,V,-5668.5082418631155,-2599.3753287847867,-193.03437014075678
407,T,-5943.605828760643,-2596.262349180611,-282.3483601010517
367,R,-6197.983123306185,-2596.1719589470404,-332.24718413592257
519,X,-5370.8474178022525,-2594.8754373926513,-20.602673534734777
353,Q,-6329.8968515456245,-2593.2502526441185,-381.5577957039268
336,P,-6468.6342197070935,-2589.5529640991153,-452.64959902778776
496,W,-5492.495549214737,-2587.354078133678,-76.82826006397883
429,U,-5760.94527094022,-2582.930450134125,-246.99346065255003
380,R,-6161.532026548936,-2582.7777520567147,-317.0648195972038
337,P,-6447.350094397853,-2581.7482985470633,-434.9078958490441
555,Y,-5197.495928442026,-2581.5308173651533,-38.28740769995679
403,T,-5896.775210065254,-2579.175501818781,-249.6709937394116
352,Q,-6288.576879389475,-2578.0853968837177,-364.41992108957186
458,V,-5607.654621693319,-2577.122098532054,-190.4133713280376
382,S,-6016.265341681155,-2575.906767498205,-292.7028080247022
334,P,-6428.3583110628115,-2574.7842107579972,-403.75755764635414
503,X,-5309.39207721238,-2572.5086756528362,-18.581400279753154
497,W,-5450.625441226037,-2572.1153906507884,-74.2072621807713
362,R,-6123.262306517437,-2568.7152795020365,-301.93405394594214
459,V,-5582.999347602441,-2568.1060450950085,-147.70192757807314
425,U,-5718.466981297684,-2567.4316147240097,-219.1147496734234
495,W,-5427.22744001122,-2563.5996536401963,-41.44478399311882
333,P,-6392.670336541617,-2561.6978047478265,-397.49828421646157
348,Q,-6243.882681866833,-2561.6821656279853,-356.36426205815224
554,Y,-5141.194052817179,-2561.039666791119,-49.082147987228524
523,X,-5271.917796301646,-2558.8698559106283,-18.795815377328523
316,O,-6526.677542755026,-2557.6558724500774,-454.79535427720765
460,V,-5553.1196778604735,-2557.179510752625,-103.16712405055605
388,S,-5955.942914368663,-2553.7727114922036,-285.32247261222324
361,R,-6072.060605134756,-2549.900861213789,-288.8714429846622
346,Q,-6206.358840479702,-2547.910528995182,-342.78800872417804
494,W,-5382.894383928591,-2547.464572570262,-28.33979271805785
410,T,-5809.767013207911,-2547.4292678302904,-231.27451563414326
332,P,-6349.98685804769,-2546.046220790149,-390.64486404498507
439,U,-5650.705460367833,-2542.7078165469024,-212.171444355387
470,V,-5508.091710293255,-2540.7134775521345,-76.82826006397883
384,S,-5913.394686992572,-2538.1605272738902,-241.55445125955976
359,Q,-6178.148665410077,-2537.557103918083,-317.0648195972038
317,O,-6471.016538685449,-2537.2483697193657,-452.64959887536776
524,X,-5201.29742601812,-2533.167468112464,-34.69888486863698
331,P,-6306.225005626874,-2529.9992084219953,-364.4199210074203
315,O,-6446.471975828204,-2528.2493722721183,-433.3270621812634
478,W,-5328.709538090635,-2527.7439181058417,-30.960791530777016
368,R,-6005.754711568755,-2525.5363033409367,-289.1538328112745
471,V,-5466.244959349849,-2525.410766201946,-74.2072621807713
341,Q,-6139.873411995915,-2523.5096913248444,-301.93405394594214
434,U,-5596.827141578251,-2523.0495110425954,-209.55044648742017
314,O,-6429.2916558096995,-2521.950394494896,-407.35478551933943
404,T,-5739.495784654181,-2521.789765520146,-215.0475534065217
391,S,-5866.542607768317,-2520.9691344246753,-214.23564268015002
469,V,-5442.860010601347,-2516.859251148335,-41.44478399311882
298,N,-6542.0146352059,-2515.8242959862796,-454.79535380214907
525,X,-5153.382094444757,-2515.728612600495,-42.34297109092773
318,P,-6266.535389575312,-2515.445442426392,-369.24417303278267
313,O,-6400.4886595578355,-2511.390088684964,-396.5587653282108
526,X,-5140.023253363505,-2510.866642709572,-54.46143076386008
435,U,-5557.183865525789,-2508.585072482914,-167.90217353869872
340,Q,-6088.664306579342,-2504.71542170804,-288.8714429846622
327,P,-6232.275069871712,-2502.8825424665383,-371.94209421006445
436,U,-5541.2790369884015,-2502.7819593679205,-122.30419849391315
372,R,-5940.352185460644,-2501.5036940706073,-288.03244108474996
468,V,-5398.5516855081705,-2500.6563801003963,-28.33979271805785
325,P,-6208.154089651685,-2494.0376319677625,-358.36584112000685
444,U,-5509.223146709779,-2491.0858912932877,-95.96533486627902
417,T,-5651.925559376627,-2489.838467108065,-219.5056824326775
338,P,-6193.34774194013,-2488.6082995306947,-324.85373581361597
297,N,-6464.005389297348,-2487.0311837625227,-451.5129785544011
385,S,-5772.647713551087,-2486.5163622158334,-214.5590102689174
312,O,-6330.814564261441,-2485.844838221216,-403.84592760609155
445,U,-5482.346845076666,-2481.279673129855,-74.2072615705392
452,V,-5344.397066434827,-2480.8528712191564,-30.960791530777016
363,R,-5884.096105398514,-2480.8320094788114,-281.14519327611436
347,Q,-6022.34882439331,-2480.3769560810015,-289.1538328112745
320,P,-6157.506107786321,-2475.4655481446166,-301.9340537465226
277,M,-6557.780415775051,-2473.1100299992504,-454.79535380214907
443,U,-5457.956956999765,-2472.380659912607,-49.9501503563103
296,N,-6413.34676463034,-2468.333150623627,-445.21551320071814
299,O,-6278.168536745242,-2466.5427439047894,-404.72757851167705
371,R,-5819.270739025454,-2457.0114815335387,-265.32047317745224
295,N,-6382.028696868411,-2456.7736921363908,-430.38488382272175
351,Q,-5956.936841062557,-2456.3700838482714,-288.03244108474996
319,P,-6105.072892915997,-2456.2388380996385,-283.67883281606964
308,O,-6249.460129929422,-2456.0171182844556,-413.33940057408955
405,T,-5558.137489577585,-2455.6184956949014,-217.86140993281424
306,O,-6229.040403671463,-2448.530447385584,-406.6626982604414
400,S,-5667.248482436118,-2447.8423136334904,-220.48277451799345
418,T,-5533.813119532628,-2446.7433877055246,-210.04468437203673
294,N,-6352.614678739775,-2445.9170159172377,-414.50757786760784
276,M,-6479.7239817951,-2444.4447657004034,-451.5129785544011
442,U,-5366.694922018004,-2439.0823498516947,-46.41369649389509
342,Q,-5902.321865274767,-2436.325824693165,-285.537203372123
301,O,-6193.1981862022285,-2435.389287553759,-327.56095850715735
326,P,-6039.969325258062,-2432.366042556804,-289.15383258296356
278,N,-6309.697626767637,-2430.0763872923285,-416.26991311281284
364,R,-5734.981884501791,-2426.0389606363733,-245.20990720841118
419,T,-5476.4443227800475,-2425.8115294309346,-208.09050275819556
350,Q,-5858.102608203967,-2420.0969014795514,-280.2533078617163
275,M,-6409.199308597057,-2418.5454478128995,-447.1364791213739
289,N,-6264.852170399815,-2413.523987087897,-415.78877724550426
386,S,-5573.522710444627,-2413.451597296455,-217.86141073726992
409,T,-5441.81033773719,-2413.1748051585405,-196.3194751346536
300,O,-6122.255881500271,-2409.379061882686,-283.67883312724126
330,P,-5974.550553839069,-2408.3776651002167,-288.03244114255324
274,M,-6381.4687332010935,-2408.3617354351527,-422.7010210374023
428,U,-5281.56425491573,-2408.021160503568,-42.65567041205367
406,T,-5420.337240403714,-2405.340026401732,-157.47171773528947
381,R,-5677.550723586372,-2404.9354844810314,-225.59125588137277
287,N,-6233.785590055769,-2402.0573522827976,-407.62318098882474
273,M,-6361.954624495531,-2401.1954192831095,-410.6656460262964
390,S,-5518.731327291688,-2393.3470425332507,-210.48729159456548
343,Q,-5784.521616516799,-2393.091918963437,-282.98119367625026
281,N,-6206.651998267096,-2392.042378489554,-370.9919055627711
321,P,-5919.929909903975,-2388.3488477559567,-285.5372037501949
254,M,-6325.322876500675,-2387.742860865299,-417.2303965217924
307,O,-6057.151253960473,-2385.509157152983,-289.1538335505883
280,N,-6174.541369530689,-2380.190386767103,-326.326855822385
291,N,-6160.859643182641,-2375.1404791879954,-321.43886923519887
365,R,-5594.629715475308,-2374.4655881815993,-228.07837611095073
329,P,-5878.143656538925,-2373.026266844166,-285.4459183853718
387,S,-5458.287625604118,-2371.168487425843,-222.9367971744599
267,M,-6279.548683744885,-2370.9328521766097,-416.7492597571804
311,O,-5991.731417639158,-2361.5236845463246,-288.03244163481537
360,Q,-5698.220475077207,-2361.4185103526174,-276.5385735318247
279,N,-6118.960762036477,-2359.675656104004,-288.5775852492168
264,M,-6232.858062088734,-2353.7862962579156,-417.05285158838103
370,R,-5527.860160814547,-2349.930654841815,-266.68060514381233
322,P,-5803.3362332105935,-2345.595169187787,-285.57749895310957
249,L,-6328.549838703112,-2344.6405982314077,-450.6238224643911
302,O,-5943.587767450236,-2343.8723379865546,-289.47980505800183
288,N,-6071.794978328506,-2342.266826065868,-289.15383258296356
344,Q,-5644.1491515853295,-2341.5737771947734,-273.7552814672749
257,M,-6196.839400804923,-2340.5588863860235,-389.0297350085884
231,L,-6303.508957073628,-2335.4351417464345,-432.18897915558273
256,M,-6174.479613276422,-2332.347529724058,-360.61436225594673
245,L,-6290.023969914186,-2330.4778297662324,-426.2153976112435
366,R,-5467.4267728984105,-2327.7239896700453,-271.4673857775939
310,O,-5898.099186418896,-2327.194443702562,-290.37416976554795
349,Q,-5597.985425246472,-2324.6312137137083,-274.5862231377104
270,M,-6142.258377410657,-2320.5146775806347,-342.21917635496726
241,L,-6257.93916148299,-2318.6829052818516,-425.7335603526553
339,P,-5721.901319533359,-2315.7338403205354,-289.5201001579989
293,N,-5998.962952853982,-2315.3846192383617,-290.30568029471976
234,L,-6241.519540346146,-2312.6467716460056,-421.77877145555567
255,M,-6117.283322587919,-2311.342896205689,-291.5375665707261
303,O,-5828.843014832562,-2301.80242042896,-289.52010072994085
206,K,-6345.5528723897005,-2301.336061452692,-472.6006970884599
244,L,-6209.588375435877,-2300.9083291484426,-406.13210003877964
323,P,-5677.574752208861,-2299.47975291916,-288.0349607704461
266,M,-6063.868445169188,-2291.7269401514873,-290.19284798381716
243,L,-6180.818965431997,-2290.33220184559,-366.5709522120796
224,K,-6311.43405296946,-2288.802617584032,-444.45867763480743
292,N,-5925.6649308377055,-2288.3304136872894,-290.37416876985424
345,Q,-5483.943043684229,-2282.77648398571,-271.4673857775939
219,K,-6292.723202162773,-2281.9292438183097,-425.74293998243985
247,L,-6152.085175930353,-2279.7691692487538,-352.1039573518919
272,M,-6025.128845677838,-2277.5002992247923,-290.30568029471976
328,P,-5614.343093935637,-2276.293366917669,-279.7788337810865
212,K,-6276.57258274669,-2275.9963632164836,-429.98986749134065
309,O,-5755.523274695218,-2274.9205338715856,-297.52053737875065
233,L,-6118.671866349193,-2267.4858650137244,-306.3601418411895
223,K,-6249.668657137161,-2266.113288502779,-446.64961321942656
282,N,-5857.542584564837,-2263.186543389149,-295.07050481448533
248,L,-6105.4956422412315,-2262.642059613547,-305.29822908819597
258,M,-5977.173808434637,-2259.889402250041,-308.8468215635949
324,P,-5566.103853768801,-2258.60454341578,-315.6045775297507
178,J,-6361.553580343658,-2256.1565374671745,-476.5074689964668
211,K,-6213.72992912854,-2252.9113067853264,-448.43148993596185
232,L,-6075.377589644993,-2251.570148221244,-313.83910355191773
304,O,-5689.198309326452,-2250.6032055282885,-326.4753173809552
283,N,-5821.834361275212,-2250.0066841492016,-328.30101478474876
271,M,-5940.082548003252,-2246.2680935477224,-320.5056136000016
222,K,-6190.7595859649955,-2244.4732215415756,-435.9642355949792
210,K,-6188.279717737266,-2243.5622495395523,-376.00828091741954
200,J,-6327.008645639545,-2243.431311520047,-478.12656126684385
305,O,-5667.490541447675,-2242.644288155723,-341.231481738965
284,N,-5788.806226717184,-2237.8160422093283,-336.5701248567228
265,M,-5912.094765788694,-2235.98992513274,-295.61886665107187
242,L,-6031.441481432927,-2235.4184831860543,-328.94821502484285
209,K,-6163.419234728717,-2234.4298272098813,-354.6285634114448
268,M,-5891.9908920113,-2228.607025019629,-276.8235677888425
290,N,-5758.842441833029,-2226.7564477885676,-341.2405001199452
208,K,-6135.826444710058,-2224.2937002642516,-342.5542825386559
184,J,-6273.228623754253,-2223.620507539853,-472.6564459143935
259,M,-5875.8203060141095,-2222.668576414665,-273.2511831911667
235,L,-5984.529089993082,-2218.17268551825,-328.8304623680145
207,K,-6112.73724493366,-2215.811953407615,-333.9859454686616
154,I,-6383.688915001079,-2209.7404810886287,-473.2212084311203
204,J,-6234.7964494002035,-2209.463349435963,-475.5138956074245
285,N,-5709.556224694322,-2208.5649685013195,-348.50316510917634
260,M,-5837.164498659024,-2208.4727071183115,-329.26149819372824
229,K,-6071.6695433425775,-2200.725858945585,-332.0096233103243
246,L,-5936.362242700491,-2200.465728417817,-330.1616604873223
205,J,-6208.877076379135,-2199.915498761876,-461.22664963316925
261,M,-5813.132477666442,-2199.6472433062604,-345.21447105102186
286,N,-5674.063008870173,-2195.464468240046,-367.5498731245049
183,J,-6185.996754275641,-2191.4871352115074,-449.44486680782956
182,J,-6182.489076843467,-2190.1950213819005,-424.8467665833263
236,L,-5908.274263697226,-2190.1401068086734,-296.5377432621001
181,J,-6179.6166258844005,-2189.1369042428973,-376.10802318335567
269,M,-5775.036083897078,-2185.6568117614083,-344.12194944958037
221,K,-6028.494143380447,-2184.8655079390883,-334.165702905299
180,J,-6161.563609861516,-2182.486762626304,-351.9941339311451
237,L,-5879.573423902969,-2179.5891870879746,-274.30771491629724
160,I,-6292.667721110931,-2176.2572530573257,-476.25197243359383
251,L,-5866.367615155216,-2174.734505868077,-284.0107936032016
262,M,-5731.129709500996,-2169.5327363675574,-344.66123326786493
252,L,-5848.2152901221625,-2168.0614006369856,-312.1417644753835
220,K,-5979.426659597095,-2166.840717977857,-334.84965331153205
179,J,-6116.771413080885,-2165.9867799346634,-331.9456736123155
238,L,-5827.587647982082,-2160.4783264897665,-336.75636393280894
159,I,-6231.512856234649,-2153.7607091386935,-473.2212084311203
213,K,-5937.647229001985,-2151.493172044959,-333.33222545135095
263,M,-5678.484446176281,-2150.199411613407,-368.51035653348447
253,L,-5787.982575106605,-2145.918824139412,-341.15182775538403
201,J,-6051.201147870199,-2141.832835300931,-336.3630882595121
225,K,-5910.41446146379,-2141.4892982554184,-295.35872705314733
158,I,-6195.9577029435695,-2140.6813233994785,-445.9443307482591
157,I,-6190.268877887109,-2138.588621486278,-371.69060853615906
250,L,-5751.485553738776,-2132.501894695639,-341.67715969648776
214,K,-5884.65636638162,-2132.027140878294,-275.6629623545447
156,I,-6170.357992137614,-2131.2641655067164,-353.50602369101824
215,K,-5870.375706391421,-2126.781184147201,-281.9582538225804
185,J,-5998.843223685738,-2122.5458856778796,-334.7225709306124
230,K,-5848.788006800045,-2118.8510087871036,-309.26859757305965
239,L,-5713.187212649848,-2118.422769305513,-352.2262739407575
91,G,-6406.0433040376365,-2116.27440853969,-480.5467891496104
155,I,-6117.736364456399,-2111.906674314556,-332.29067401310397
216,K,-5825.363690327502,-2110.2461578380066,-336.9213296008538
240,L,-5690.842157771979,-2110.2083448544836,-375.7425753702875
129,H,-6241.586349447546,-2106.326458185846,-486.75319867435286
186,J,-5940.5188525405565,-2101.0610918172565,-335.5428300102122
217,K,-5787.1729817059295,-2096.216917936204,-338.7439200728016
92,G,-6349.013792089402,-2095.2675271438643,-496.45443594687913
187,J,-5913.181129384728,-2090.990767266997,-303.5553396898926
130,H,-6179.790782175404,-2083.597054131725,-364.31158805574694
218,K,-5751.904098180273,-2083.2610015390237,-340.70106728533506
188,J,-5882.207907187169,-2079.581243579937,-273.5765258239673
125,G,-6294.395485455777,-2075.148815790787,-491.29584413370054
189,J,-5865.330342141932,-2073.3640997214366,-286.42335093221857
228,K,-5719.522548403519,-2071.365738355727,-350.7627726154169
63,F,-6430.565055520136,-2070.610421623137,-478.93561378874404
161,I,-6002.537665829597,-2069.5294637971274,-344.41373085329786
131,H,-6136.921146186185,-2067.828912158679,-338.8392949612835
191,J,-5830.21037342041,-2060.427050018917,-336.0022789486991
226,K,-5688.490229510249,-2059.966111007179,-362.9805583707734
90,F,-6394.78507837933,-2057.572786117035,-483.70268931004676
93,G,-6239.863288372498,-2055.0618229821857,-487.1006451386357
132,H,-6098.994753730454,-2053.8789747036976,-338.02584849233233
94,G,-6223.694053356787,-2049.1058680628344,-457.71712225602244
162,I,-5938.538388814707,-2045.9865690652223,-338.3522028483509
190,J,-5784.11303182778,-2043.4462945955095,-339.2207978364106
64,F,-6355.384915486688,-2043.2160144328673,-497.9980547869874
227,K,-5636.544826077657,-2040.884126072757,-352.20015956559996
95,G,-6196.371173045894,-2039.0414560334232,-402.70201739535054
163,I,-5902.983235523628,-2032.9071833260068,-301.98303232776925
96,G,-6179.183794526225,-2032.710466871258,-369.8411437474696
192,J,-5739.547348536481,-2027.0297520769798,-324.63323820178283
164,I,-5885.9167611334915,-2026.6290778730618,-264.09847980595094
165,I,-5877.383524717671,-2023.490025433245,-264.09847980595094
89,F,-6300.996775171456,-2023.3978701536178,-484.2172286466496
127,G,-6151.258059321913,-2022.4239926005207,-353.5439949658733
193,J,-5721.916913050073,-2020.5352753314764,-286.44464563365756
133,H,-6007.371542461604,-2020.178483202511,-344.6815274788338
166,I,-5858.894844258232,-2016.6887445736636,-277.7369186473816
194,J,-5706.783526804515,-2014.9606299900004,-254.94672338056117
97,G,-6124.376619693716,-2012.5221857161982,-341.95283073011376
134,H,-5979.443923620108,-2009.9062555826504,-340.39643938670156
167,I,-5838.9839585087375,-2009.3642885941017,-286.8292114851019
195,J,-5686.8741558764,-2007.6266678419906,-235.56300863136448
168,I,-5823.339691746401,-2003.6093591211038,-292.8907394900489
87,F,-6244.4337260400625,-2002.7872248536858,-477.01367378271107
169,I,-5807.695423425568,-1997.8544290747952,-279.2523014789182
126,G,-6081.219803445382,-1996.6253265396178,-341.10003302788
196,J,-5656.413960670619,-1996.4061265468,-229.4944953133904
135,H,-5934.997404821173,-1993.5581107370654,-334.90775188617204
170,I,-5794.895568022591,-1993.1458501284144,-248.94465979358347
88,F,-6214.943588893373,-1992.0415036468098,-465.179261568148
171,I,-5779.251300481006,-1987.3909203687608,-232.27545694967935
197,J,-5619.105818506195,-1982.6630251984764,-225.2023189510439
98,G,-6040.660998369631,-1981.6854475422995,-339.6828896194673
153,H,-5896.791524888739,-1979.5053732906529,-319.1957619382539
172,I,-5756.496001813657,-1979.0201132892714,-223.18316494225888
65,F,-6177.335180525256,-1978.3376178578792,-469.80896563221677
66,F,-6166.999480663601,-1974.5714587302082,-459.2696643291156
67,F,-6150.945810754115,-1968.7217653111347,-435.0504590077654
198,J,-5577.2549141488425,-1967.2465185933704,-224.90922557856908
99,G,-5994.453405700422,-1964.6648316255832,-357.6386396617035
173,I,-5713.829817396813,-1963.3248502302197,-226.21392894473237
68,F,-6131.374651264818,-1961.5903565109252,-376.26857080159357
151,H,-5845.180073309942,-1960.5218508708654,-294.91359580607127
69,F,-6112.153609418293,-1954.586524824383,-357.7095281759452
199,J,-5536.9985126722,-1952.417374784117,-203.53650002802064
152,H,-5813.006699956002,-1948.6879664188414,-279.9157866533086
174,I,-5669.741426910666,-1947.106411764532,-227.72931094596913
124,G,-5939.1415603867335,-1944.2906545618973,-345.9938754161418
202,J,-5510.219024932524,-1942.5526859330732,-184.71568377228374
150,H,-5790.217227455851,-1940.3056317061419,-287.05760041696226
70,F,-6056.307487084183,-1934.2371158642827,-348.4300641538139
149,H,-5761.395247597946,-1929.7044437124298,-292.77105176000515
175,I,-5621.386417437361,-1929.3184467922804,-233.7908389509161
203,J,-5472.680622491818,-1928.7247642176703,-179.95326872429865
44,E,-6154.597363564478,-1924.9424928885219,-441.4777396691135
148,H,-5741.28688973877,-1922.308266109055,-286.34341962180685
100,G,-5879.237410890558,-1922.2248973671622,-332.80095308093917
147,H,-5736.594939311876,-1920.5824912393928,-252.06271405444912
176,I,-5594.364500562102,-1919.3781134928824,-227.72931094596913
45,E,-6139.522755673997,-1919.36227851628,-388.24382415281946
146,H,-5723.859645741312,-1915.8982453283807,-237.0649065622862
101,G,-5859.796449271079,-1915.0637984727534,-310.4621063468179
71,F,-5998.327488063417,-1913.1101573169901,-372.5602895564831
46,E,-6118.851388428487,-1911.7102943694733,-364.92937639503776
177,I,-5568.764789756146,-1909.9609556001203,-212.57549010330177
145,H,-5705.091844812995,-1908.995146136356,-232.77981847015397
102,G,-5841.402825706467,-1908.2884876650442,-295.1838575919992
103,G,-5821.623521750844,-1901.0027600111773,-279.57016269729803
144,H,-5674.929308024231,-1897.9008797312938,-234.20818089076477
47,E,-6069.692242622236,-1893.5129008486508,-351.6003348530401
104,G,-5794.518549144092,-1891.018614516403,-279.57016269729803
72,F,-5932.695809388349,-1889.1950524847048,-373.3231101498605
143,H,-5640.745098884374,-1885.327377518932,-236.35072493683086
105,G,-5767.4135773164635,-1881.0344693086197,-274.88605406282767
142,H,-5627.33952723801,-1880.396592545557,-219.21037256830195
48,E,-6022.97068287894,-1876.2178361234362,-370.97515465364614
73,F,-5894.320306853098,-1875.2116501910384,-347.2057280055078
141,H,-5611.92311902647,-1874.7261895252204,-199.92747615370692
106,G,-5749.09940724689,-1874.2884252803326,-256.93030402059145
24,D,-6130.871348070976,-1867.57646092866,-380.9328186625457
107,G,-5730.05266984473,-1867.2725392957605,-253.8075652077112
140,H,-5587.79308959546,-1865.8507764011702,-184.92966783124413
25,D,-6121.8870337336775,-1864.2758573856472,-367.7731315715899
108,G,-5711.005932442569,-1860.256653311188,-258.49167384218157
139,H,-5571.70640252886,-1859.9338340318463,-174.21694677061367
37,D,-6107.205751179897,-1858.8823358108498,-362.796559762266
59,E,-5974.905316244973,-1858.4253302323004,-421.7070808044814
75,F,-5845.108824057378,-1857.2797948161594,-324.9656570682435
109,G,-5695.6220293659735,-1854.5899762470697,-256.93030402059145
26,D,-6086.697300319956,-1851.348064075832,-356.5769069541784
138,H,-5546.23581616699,-1850.5653424964462,-152.79150630995252
110,G,-5676.575292742937,-1847.5740905494881,-248.3427720775958
74,F,-5816.669089766879,-1846.9168231431831,-291.0675404082772
49,E,-5938.880784849507,-1845.0900176784528,-416.9143275006355
43,D,-6065.356904883127,-1843.5081575294107,-353.44134249880085
36,D,-6053.947360775008,-1839.3165876117064,-356.7563754464519
111,G,-5648.005187029258,-1837.050261716125,-246.00071776036063
27,D,-6039.266077441856,-1833.9230657505886,-368.8423378084811
76,F,-5780.777557377244,-1833.838538738193,-280.5459900866579
50,E,-5905.037277083024,-1832.5620614080372,-359.09424259403596
39,D,-6028.588780826551,-1830.0005045271937,-383.7720557273525
136,H,-5489.93241338204,-1829.8560449203721,-111.36898780924102
112,G,-5623.09791486202,-1827.875641516225,-235.8518159957749
34,D,-6020.5197273394515,-1827.0361440286174,-401.8007907910685
113,G,-5615.039680436552,-1824.9073822930138,-222.58017458800902
77,F,-5754.704896481343,-1824.3380896994122,-285.22998497004244
52,E,-5875.987028774253,-1821.8084408623138,-340.81700965762866
114,G,-5604.051178238983,-1820.8597558186436,-210.8699030018332
33,D,-5997.830472129348,-1818.7007014646936,-413.1758138487372
78,F,-5737.084185697756,-1817.917392345393,-275.4182306298265
115,G,-5594.5278091483415,-1817.3518126828617,-203.8437400501277
137,H,-5447.704861098512,-1814.3240716666612,-82.80173358492621
79,F,-5726.715147279638,-1814.1390851957774,-259.52075251538713
116,G,-5582.0741738438455,-1812.7645028699028,-199.15963141565737
51,E,-5840.911405987652,-1808.8243887522267,-337.82902841080687
117,G,-5570.35310431369,-1808.447034439247,-186.66867533383646
80,F,-5708.8943864343155,-1807.6454928877558,-247.1540516433392
118,G,-5566.69027076725,-1807.0978258057842,-177.30045806489582
28,D,-5964.290134694174,-1806.378853361851,-409.72773281541197
119,G,-5559.364602116121,-1804.3994079648764,-164.8095019830749
120,G,-5550.573800358066,-1801.1613067853805,-153.0992295665992
81,F,-5690.790231086406,-1801.0486362815311,-242.1682967171628
53,E,-5815.493402899541,-1799.415327688985,-339.9885592389451
38,D,-5938.416715792547,-1796.8736318290248,-411.22681602968544
121,G,-5538.120165053571,-1796.5739969724211,-143.73101229765854
35,D,-5924.04763584219,-1791.594805375114,-395.19771711509344
54,E,-5792.442992330049,-1790.8826856938865,-324.85836477204
122,G,-5521.271128090924,-1790.367636282723,-131.24005621583763
29,D,-5904.767506522877,-1784.5117870442791,-369.44145896521445
55,E,-5769.6525549748585,-1782.4462787901011,-327.72769136569576
82,F,-5633.860489818952,-1780.3043743950343,-239.96813317949687
31,D,-5888.145266237458,-1778.4052080534816,-345.7935813418707
123,G,-5488.305621498218,-1778.2247568596117,-117.18773031242665
60,E,-5756.029533295456,-1777.4034025892036,-327.0359564828501
83,F,-5618.173558072783,-1774.5883143341014,-224.24793405650456
84,F,-5614.922819071326,-1773.4037984787756,-197.154724522792
61,E,-5742.406511616053,-1772.360526388306,-315.9681961279669
30,D,-5868.38647790585,-1771.1463428441248,-339.9618446453088
62,E,-5732.02706634778,-1768.5183349308097,-274.46409513155766
128,G,-5459.714988207672,-1767.6933666714717,-100.18201024177398
56,E,-5715.987219749741,-1762.580815151509,-257.5300765286437
85,F,-5575.930520866388,-1759.1956459821822,-179.35861624160685
32,D,-5830.9334858525135,-1757.3870871428323,-339.9885587141706
57,E,-5683.119776374618,-1750.414171665112,-254.24438209420754
41,D,-5803.96547137242,-1747.4797396481563,-352.1436792454578
86,F,-5534.253221059364,-1744.0091230388007,-141.53381874272148
58,E,-5656.663918451035,-1740.6209246574474,-253.80283326224583
40,D,-5775.960224546993,-1737.1913399523428,-368.71884481401287
42,D,-5760.40175495439,-1731.4755626616914,-381.97897743491694
